date,ticker,comment_volume,average_sentiment
2024-02-02,AAPL,30,0.46206
2024-02-02,AMZN,18,0.3605833333333333
2024-02-02,BRK.B,1,0.9111
2024-02-02,COST,61,0.3773590163934426
2024-02-02,GOOGL,25,0.633176
2024-02-02,HD,1,0.9878
2024-02-02,KO,1,0.9435
2024-02-02,META,21,0.4853047619047619
2024-02-02,MSFT,10,0.31246999999999997
2024-02-02,NVDA,2,0.4647
2024-02-02,PM,3,0.17393333333333336
2024-02-02,TSLA,14,0.7150142857142857
2024-02-05,AAPL,40,0.49269999999999997
2024-02-05,AMZN,10,0.51788
2024-02-05,COST,67,0.4251223880597015
2024-02-05,GOOGL,25,0.41826399999999997
2024-02-05,META,6,0.7243499999999999
2024-02-05,MSFT,6,0.37448333333333333
2024-02-05,NVDA,1,0.8805
2024-02-05,PM,2,0.46965
2024-02-05,TSLA,7,0.21971428571428575
2024-02-06,AAPL,66,0.38422575757575755
2024-02-06,AMZN,9,0.6772777777777779
2024-02-06,COST,62,0.3287790322580645
2024-02-06,GOOGL,17,0.4441117647058824
2024-02-06,HD,2,0.6936
2024-02-06,META,18,0.41459444444444443
2024-02-06,MSFT,4,0.419925
2024-02-06,NVDA,11,0.5304909090909091
2024-02-06,PG,1,0.0
2024-02-06,PM,1,-0.9075
2024-02-06,TSLA,16,0.328275
2024-02-07,AAPL,78,0.16968717948717948
2024-02-07,AMZN,17,0.45802352941176466
2024-02-07,COST,50,0.42992800000000003
2024-02-07,GOOGL,18,0.3726055555555556
2024-02-07,HD,1,0.0
2024-02-07,META,23,-0.012417391304347832
2024-02-07,MSFT,5,0.43651999999999996
2024-02-07,NVDA,1,0.6187
2024-02-07,PM,3,0.9490999999999999
2024-02-07,TSLA,25,0.339656
2024-02-08,AAPL,57,0.3052456140350877
2024-02-08,AMZN,4,0.3087
2024-02-08,COST,43,0.28220232558139535
2024-02-08,GOOGL,43,0.37679302325581393
2024-02-08,META,21,0.4892285714285714
2024-02-08,MSFT,14,0.42518571428571433
2024-02-08,NVDA,1,0.4939
2024-02-08,TSLA,8,0.47985
2024-02-09,AAPL,36,0.3888111111111111
2024-02-09,AMZN,4,0.5805750000000001
2024-02-09,COST,61,0.2778229508196721
2024-02-09,GOOGL,20,0.231255
2024-02-09,HD,1,0.0
2024-02-09,META,7,0.18815714285714286
2024-02-09,MSFT,23,0.46317391304347827
2024-02-09,NVDA,12,0.5520583333333333
2024-02-09,PG,1,-0.2018
2024-02-09,PM,1,0.8735
2024-02-09,TSLA,3,0.6141333333333333
2024-02-12,AAPL,74,0.36787297297297294
2024-02-12,AMZN,13,0.20020769230769234
2024-02-12,COST,80,0.33203625
2024-02-12,GOOGL,14,0.6989571428571428
2024-02-12,HD,1,-0.8966
2024-02-12,META,10,0.60108
2024-02-12,MSFT,24,0.4738458333333333
2024-02-12,NVDA,30,0.21079666666666666
2024-02-12,PG,2,0.7697
2024-02-12,PLTR,1,0.3612
2024-02-12,TSLA,5,0.20221999999999998
2024-02-13,AAPL,45,0.2913488888888889
2024-02-13,AMZN,10,0.69075
2024-02-13,COST,41,0.29399756097560975
2024-02-13,GOOGL,21,0.3605904761904762
2024-02-13,META,11,0.4815181818181818
2024-02-13,MSFT,12,0.15539999999999998
2024-02-13,NVDA,51,0.337735294117647
2024-02-13,TSLA,29,-0.004551724137931038
2024-02-14,AAPL,58,0.3791189655172414
2024-02-14,AMZN,21,0.24414285714285713
2024-02-14,COST,36,0.37172222222222223
2024-02-14,GOOGL,18,0.33769444444444446
2024-02-14,HD,1,-0.3818
2024-02-14,META,13,0.594223076923077
2024-02-14,MSFT,9,0.1292111111111111
2024-02-14,NVDA,10,0.41688000000000003
2024-02-14,PG,1,0.7351
2024-02-14,PLTR,3,0.2445333333333333
2024-02-14,TSLA,16,0.33825
2024-02-15,AAPL,108,0.3229944444444445
2024-02-15,AMZN,13,0.30733076923076924
2024-02-15,BRK.B,2,0.42245
2024-02-15,COST,57,0.28452280701754384
2024-02-15,GOOG,1,0.64
2024-02-15,GOOGL,33,0.25366060606060603
2024-02-15,KO,2,0.83135
2024-02-15,META,10,0.11782000000000001
2024-02-15,MSFT,15,0.36585999999999996
2024-02-15,NVDA,4,0.37834999999999996
2024-02-15,TSLA,11,0.19500909090909094
2024-02-16,AAPL,69,0.2660507246376812
2024-02-16,AMZN,14,0.5317857142857143
2024-02-16,BRK.B,1,0.8126
2024-02-16,COST,58,0.3633724137931035
2024-02-16,GOOGL,22,0.40433181818181824
2024-02-16,HD,1,0.7906
2024-02-16,KO,2,-0.5235
2024-02-16,META,10,0.48478000000000004
2024-02-16,MSFT,14,0.3966071428571429
2024-02-16,NVDA,9,0.3602666666666667
2024-02-16,PG,1,-0.6234
2024-02-16,PM,2,0.56155
2024-02-16,TSLA,7,0.13045714285714285
2024-02-20,AAPL,35,0.4786771428571428
2024-02-20,AMZN,10,0.45027
2024-02-20,COST,52,0.3356076923076923
2024-02-20,GOOGL,26,0.3637307692307692
2024-02-20,HD,1,0.7783
2024-02-20,KO,1,0.993
2024-02-20,META,20,0.456265
2024-02-20,MSFT,9,0.4798333333333333
2024-02-20,NVDA,24,0.39314166666666667
2024-02-20,TSLA,5,0.50252
2024-02-21,AAPL,21,0.48720476190476186
2024-02-21,AMZN,7,0.1095857142857143
2024-02-21,BRK.B,1,-0.9784
2024-02-21,COST,60,0.14674833333333334
2024-02-21,GOOGL,34,0.25184411764705883
2024-02-21,KO,1,0.9574
2024-02-21,META,6,0.4174833333333334
2024-02-21,MSFT,14,0.40825000000000006
2024-02-21,NVDA,16,0.48258125
2024-02-21,PM,1,0.2755
2024-02-21,TSLA,7,0.23154285714285713
2024-02-22,AAPL,30,0.2736166666666666
2024-02-22,AMZN,11,0.6894636363636364
2024-02-22,COST,50,0.399258
2024-02-22,GOOGL,40,0.28281999999999996
2024-02-22,META,8,0.5759
2024-02-22,MSFT,13,0.4190923076923077
2024-02-22,NVDA,18,0.25979444444444444
2024-02-22,PLTR,1,0.0
2024-02-22,PM,1,0.5664
2024-02-22,TSLA,3,0.23726666666666665
2024-02-23,AAPL,37,0.38313243243243245
2024-02-23,AMZN,7,0.5945571428571429
2024-02-23,COST,50,0.34129799999999993
2024-02-23,GOOGL,24,0.3360708333333333
2024-02-23,META,6,0.5156833333333334
2024-02-23,MSFT,8,0.4272875
2024-02-23,NVDA,37,0.3002
2024-02-23,PG,1,-0.7506
2024-02-23,TSLA,9,0.6121222222222222
2024-02-26,AAPL,56,0.3512732142857143
2024-02-26,AMZN,13,0.37600769230769227
2024-02-26,BRK.B,5,0.52306
2024-02-26,COST,69,0.31703623188405794
2024-02-26,GOOGL,20,0.5203599999999999
2024-02-26,META,10,0.63792
2024-02-26,MSFT,20,0.47463
2024-02-26,NVDA,11,0.6738909090909091
2024-02-26,PG,1,0.9874
2024-02-26,PM,2,0.4967
2024-02-26,TSLA,6,0.3828666666666667
2024-02-27,AAPL,100,0.254724
2024-02-27,AMZN,25,0.358076
2024-02-27,COST,79,0.33349999999999996
2024-02-27,GOOG,2,0.23955
2024-02-27,GOOGL,20,0.30819
2024-02-27,HD,1,0.4019
2024-02-27,KO,2,0.037349999999999994
2024-02-27,META,20,0.207315
2024-02-27,MSFT,15,0.5290066666666667
2024-02-27,NVDA,15,0.28919333333333336
2024-02-27,TSLA,11,0.4133909090909091
2024-02-28,AAPL,40,0.35684499999999997
2024-02-28,AMZN,13,0.24466153846153846
2024-02-28,COST,67,0.49532537313432834
2024-02-28,GOOGL,33,0.4462666666666667
2024-02-28,META,10,0.30965
2024-02-28,MSFT,6,0.4170666666666667
2024-02-28,NVDA,13,0.3812076923076923
2024-02-28,PM,1,-0.1263
2024-02-28,TSLA,8,0.28945
2024-02-29,AAPL,18,0.4681833333333334
2024-02-29,AMZN,22,0.2605181818181818
2024-02-29,BRK.B,1,0.7351
2024-02-29,COST,55,0.34757272727272726
2024-02-29,GOOGL,24,0.41435
2024-02-29,KO,1,-0.431
2024-02-29,META,10,-0.24196
2024-02-29,MSFT,7,0.005514285714285678
2024-02-29,NVDA,9,0.4537777777777777
2024-02-29,PG,1,-0.7498
2024-02-29,TSLA,17,0.18108235294117647
2024-03-01,AAPL,44,0.18487272727272727
2024-03-01,AMZN,9,0.6387777777777778
2024-03-01,COST,31,0.37674838709677416
2024-03-01,GOOGL,26,0.40197692307692307
2024-03-01,KO,1,0.6124
2024-03-01,META,21,0.3365714285714286
2024-03-01,MSFT,25,0.621208
2024-03-01,NVDA,7,0.6562285714285715
2024-03-01,PM,1,0.9571
2024-03-01,TSLA,24,0.10209166666666668
2024-03-04,AAPL,179,0.23314301675977653
2024-03-04,AMZN,3,0.9320333333333334
2024-03-04,COST,50,0.345348
2024-03-04,GOOGL,14,0.24872142857142857
2024-03-04,META,3,0.8803333333333333
2024-03-04,MSFT,33,0.3878333333333333
2024-03-04,NVDA,6,0.5844
2024-03-04,PG,1,0.7358
2024-03-04,TSLA,9,0.1808777777777778
2024-03-05,AAPL,67,0.29980746268656716
2024-03-05,AMZN,8,0.11773750000000001
2024-03-05,COST,36,0.4704222222222223
2024-03-05,GOOGL,29,0.3487896551724138
2024-03-05,HD,1,0.8266
2024-03-05,META,19,0.39023157894736843
2024-03-05,MSFT,5,0.46608
2024-03-05,NVDA,11,0.41865454545454545
2024-03-05,PLTR,1,0.9153
2024-03-05,PM,1,0.9361
2024-03-05,TSLA,14,0.41174285714285713
2024-03-06,AAPL,122,0.17219508196721311
2024-03-06,AMZN,16,0.36175625
2024-03-06,COST,45,0.4297888888888889
2024-03-06,GOOGL,37,0.23156486486486486
2024-03-06,META,9,0.14320000000000002
2024-03-06,MSFT,20,0.28548999999999997
2024-03-06,NVDA,4,0.64245
2024-03-06,PG,2,0.9474
2024-03-06,TSLA,30,0.14776999999999998
2024-03-07,AAPL,67,0.34835373134328357
2024-03-07,AMZN,3,0.5117666666666667
2024-03-07,COST,52,0.46361153846153846
2024-03-07,GOOG,1,0.86
2024-03-07,GOOGL,28,0.3957285714285714
2024-03-07,HD,1,0.9715
2024-03-07,META,11,0.09900909090909091
2024-03-07,MSFT,12,0.5621333333333333
2024-03-07,NVDA,8,0.12432499999999999
2024-03-07,PM,2,0.58905
2024-03-07,TSLA,11,0.0008545454545454412
2024-03-08,AAPL,89,0.16578539325842695
2024-03-08,AMZN,15,0.5778133333333333
2024-03-08,BRK.B,2,0.33485
2024-03-08,COST,48,0.21935000000000002
2024-03-08,GOOG,2,0.42515
2024-03-08,GOOGL,32,0.403371875
2024-03-08,KO,1,-0.9008
2024-03-08,META,8,0.1844625
2024-03-08,MSFT,14,0.21966428571428573
2024-03-08,NVDA,4,0.770675
2024-03-08,TSLA,1,-0.0788
2024-03-11,AAPL,19,0.33470526315789473
2024-03-11,AMZN,6,0.21509999999999999
2024-03-11,COST,37,0.4223243243243243
2024-03-11,GOOGL,18,0.5705666666666667
2024-03-11,META,10,0.14428999999999997
2024-03-11,MSFT,10,0.45076
2024-03-11,NVDA,7,0.3852714285714286
2024-03-11,PG,1,0.4103
2024-03-11,TSLA,10,0.14305
2024-03-12,AAPL,114,0.31980701754385965
2024-03-12,AMZN,7,0.07032857142857143
2024-03-12,COST,33,0.4389454545454546
2024-03-12,GOOGL,23,0.23901304347826088
2024-03-12,META,12,0.15325833333333333
2024-03-12,MSFT,20,0.200495
2024-03-12,NVDA,11,0.3911181818181818
2024-03-12,PG,1,0.659
2024-03-12,TSLA,8,0.35856249999999995
2024-03-13,AAPL,54,0.13157592592592593
2024-03-13,AMZN,3,0.09490000000000004
2024-03-13,COST,52,0.3567519230769231
2024-03-13,GOOGL,16,0.5343375
2024-03-13,META,15,-0.18103333333333332
2024-03-13,MSFT,9,0.008900000000000007
2024-03-13,NVDA,7,0.3507285714285714
2024-03-13,PM,1,0.9927
2024-03-13,TSLA,8,0.5782625
2024-03-14,AAPL,20,0.343235
2024-03-14,AMZN,6,-0.30655
2024-03-14,COST,55,0.38298363636363636
2024-03-14,GOOGL,8,0.1228
2024-03-14,KO,1,0.989
2024-03-14,META,13,0.41513076923076925
2024-03-14,MSFT,5,0.32986
2024-03-14,NVDA,2,0.5535
2024-03-14,TSLA,3,0.7458666666666667
2024-03-15,AAPL,68,0.3466808823529412
2024-03-15,AMZN,8,0.38103750000000003
2024-03-15,COST,58,0.31247068965517244
2024-03-15,GOOGL,11,0.34247272727272726
2024-03-15,HD,1,0.9848
2024-03-15,KO,1,0.8118
2024-03-15,META,9,0.24298888888888884
2024-03-15,MSFT,10,0.8200200000000001
2024-03-15,NVDA,2,0.26645
2024-03-15,PG,2,0.94335
2024-03-15,TSLA,7,0.3225857142857143
2024-03-18,AAPL,28,0.3056857142857143
2024-03-18,AMZN,7,0.7069857142857143
2024-03-18,COST,60,0.3418566666666667
2024-03-18,GOOGL,22,0.2177181818181818
2024-03-18,KO,3,0.4315
2024-03-18,META,6,0.46865
2024-03-18,MSFT,10,0.34579
2024-03-18,NVDA,12,0.513425
2024-03-18,PG,1,-0.9689
2024-03-18,TSLA,9,0.23149999999999998
2024-03-19,AAPL,24,0.2980291666666667
2024-03-19,AMZN,5,0.41376
2024-03-19,BRK.B,8,0.560375
2024-03-19,COST,36,0.3257888888888889
2024-03-19,GOOGL,15,0.68258
2024-03-19,META,4,0.45189999999999997
2024-03-19,MSFT,11,0.5477363636363637
2024-03-19,NVDA,15,0.14132666666666666
2024-03-19,PG,2,0.9390499999999999
2024-03-19,TSLA,14,0.4999357142857143
2024-03-20,AAPL,31,0.28571612903225807
2024-03-20,AMZN,4,0.033225000000000005
2024-03-20,COST,48,0.4073625
2024-03-20,GOOGL,38,0.3568789473684211
2024-03-20,HD,1,0.9463
2024-03-20,KO,1,0.9442
2024-03-20,META,4,0.7078
2024-03-20,MSFT,10,0.45294
2024-03-20,NVDA,11,0.3412818181818182
2024-03-20,PG,5,0.87314
2024-03-20,TSLA,6,0.6879333333333334
2024-03-21,AAPL,203,0.24343596059113298
2024-03-21,AMZN,12,0.48370833333333335
2024-03-21,COST,35,0.2674742857142857
2024-03-21,GOOGL,27,0.4029555555555555
2024-03-21,HD,1,0.0
2024-03-21,META,14,0.35237857142857143
2024-03-21,MSFT,20,0.39174
2024-03-21,NVDA,7,0.37388571428571427
2024-03-21,PG,6,0.43966666666666665
2024-03-21,PM,3,0.9385666666666667
2024-03-21,TSLA,15,0.008940000000000002
2024-03-22,AAPL,92,0.3867760869565217
2024-03-22,AMZN,5,-0.19426000000000002
2024-03-22,COST,42,0.30221666666666663
2024-03-22,GOOGL,13,0.3664076923076923
2024-03-22,META,8,0.13695000000000002
2024-03-22,MSFT,7,0.48404285714285716
2024-03-22,NVDA,3,0.09236666666666667
2024-03-22,TSLA,1,0.7339
2024-03-25,AAPL,58,0.3209086206896552
2024-03-25,AMZN,10,0.32809999999999995
2024-03-25,COST,52,0.32034807692307693
2024-03-25,GOOGL,14,0.3108785714285714
2024-03-25,META,17,0.35054117647058824
2024-03-25,MSFT,12,0.37634166666666663
2024-03-25,NVDA,2,-0.9643999999999999
2024-03-25,PG,1,0.8126
2024-03-25,TSLA,7,0.4614285714285714
2024-03-26,AAPL,22,0.36285454545454543
2024-03-26,AMZN,4,0.44455
2024-03-26,COST,31,0.27058387096774195
2024-03-26,GOOGL,21,0.1903190476190476
2024-03-26,META,10,0.34750000000000003
2024-03-26,MSFT,11,0.29976363636363634
2024-03-26,NVDA,9,0.5041444444444445
2024-03-26,TSLA,5,0.35187999999999997
2024-03-27,AAPL,26,0.4824346153846154
2024-03-27,AMZN,11,0.630809090909091
2024-03-27,COST,49,0.3809387755102041
2024-03-27,GOOGL,14,0.34865714285714283
2024-03-27,META,7,0.5291428571428571
2024-03-27,MSFT,12,0.4256333333333333
2024-03-27,NVDA,8,0.3933875
2024-03-27,PG,1,-0.948
2024-03-27,PM,1,-0.0772
2024-03-27,TSLA,8,-0.45592499999999997
2024-03-28,AAPL,37,0.4266
2024-03-28,AMZN,13,0.3671384615384615
2024-03-28,BRK.B,2,0.1909
2024-03-28,COST,55,0.22259636363636362
2024-03-28,GOOGL,13,0.5172846153846155
2024-03-28,HD,1,-0.09
2024-03-28,META,6,0.6682
2024-03-28,MSFT,10,0.21761
2024-03-28,NVDA,11,0.6441909090909091
2024-03-28,PLTR,3,-0.06200000000000002
2024-03-28,PM,2,0.5271
2024-03-28,TSLA,3,0.47903333333333337
2024-04-01,AAPL,9,0.165
2024-04-01,AMZN,7,0.7119571428571428
2024-04-01,COST,47,0.34155744680851063
2024-04-01,GOOGL,19,0.48723157894736846
2024-04-01,META,3,-0.0776
2024-04-01,MSFT,9,0.33424444444444446
2024-04-01,NVDA,14,0.45232857142857147
2024-04-01,PG,1,-0.9729
2024-04-01,PLTR,2,0.1326
2024-04-01,PM,1,-0.2732
2024-04-01,TSLA,10,0.44367999999999996
2024-04-02,AAPL,35,0.48820571428571424
2024-04-02,AMZN,10,0.45303000000000004
2024-04-02,COST,57,0.38454912280701753
2024-04-02,GOOGL,25,0.5936159999999999
2024-04-02,KO,4,0.8868499999999999
2024-04-02,META,4,0.585325
2024-04-02,MSFT,12,0.38509166666666667
2024-04-02,NVDA,4,0.7748999999999999
2024-04-02,PLTR,1,-0.0624
2024-04-02,PM,3,-0.10980000000000001
2024-04-02,TSLA,43,0.1792906976744186
2024-04-03,AAPL,38,0.32486578947368416
2024-04-03,AMZN,14,0.32393571428571427
2024-04-03,BRK.B,1,-0.9541
2024-04-03,COST,71,0.4466267605633803
2024-04-03,GOOGL,20,0.3275
2024-04-03,HD,1,0.0
2024-04-03,META,5,-0.039519999999999986
2024-04-03,MSFT,7,0.5193857142857142
2024-04-03,NVDA,22,0.19238636363636363
2024-04-03,PLTR,2,-0.17745
2024-04-03,TSLA,19,0.13897368421052633
2024-04-04,AAPL,46,0.22898478260869568
2024-04-04,AMZN,10,0.36327
2024-04-04,COST,73,0.3647493150684931
2024-04-04,GOOGL,29,0.33099655172413794
2024-04-04,HD,1,-0.7043
2024-04-04,KO,2,0.8969
2024-04-04,META,9,0.5105333333333334
2024-04-04,MSFT,16,0.294475
2024-04-04,NVDA,5,0.37756
2024-04-04,PM,1,0.5719
2024-04-04,TSLA,29,0.08755517241379311
2024-04-05,AAPL,49,0.18467142857142857
2024-04-05,AMZN,9,0.35991111111111107
2024-04-05,COST,66,0.38779545454545455
2024-04-05,GOOGL,24,0.4709291666666666
2024-04-05,HD,2,-0.1564
2024-04-05,KO,1,0.9939
2024-04-05,META,9,0.3743666666666667
2024-04-05,MSFT,17,0.5001176470588236
2024-04-05,NVDA,8,0.3513875
2024-04-05,TSLA,15,0.21792666666666666
2024-04-08,AAPL,16,0.3939875
2024-04-08,AMZN,10,0.5318799999999999
2024-04-08,COST,41,0.31642439024390245
2024-04-08,GOOGL,21,0.053442857142857146
2024-04-08,META,5,0.23142000000000001
2024-04-08,MSFT,6,0.32439999999999997
2024-04-08,NVDA,4,0.4253
2024-04-08,PM,1,0.8793
2024-04-08,TSLA,19,0.4237947368421052
2024-04-09,AAPL,30,0.32375666666666664
2024-04-09,AMZN,10,0.18434999999999999
2024-04-09,COST,67,0.2903074626865672
2024-04-09,GOOGL,27,0.2873222222222222
2024-04-09,META,5,0.46074000000000004
2024-04-09,MSFT,6,0.4421833333333333
2024-04-09,NVDA,8,0.5924125
2024-04-09,TSLA,8,0.160275
2024-04-10,AAPL,22,0.4581818181818182
2024-04-10,AMZN,4,0.337525
2024-04-10,BRK.B,1,0.9952
2024-04-10,COST,59,0.41536271186440676
2024-04-10,GOOGL,18,0.24256666666666668
2024-04-10,HD,2,0.74885
2024-04-10,META,13,0.3089769230769231
2024-04-10,MSFT,8,0.5597375
2024-04-10,NVDA,8,0.0674625
2024-04-10,TSLA,20,0.24392
2024-04-11,AAPL,25,0.39984000000000003
2024-04-11,AMZN,11,0.8092909090909092
2024-04-11,COST,46,0.3373652173913043
2024-04-11,GOOGL,15,0.18259999999999998
2024-04-11,HD,1,0.989
2024-04-11,KO,2,0.6196
2024-04-11,META,4,0.05899999999999999
2024-04-11,MSFT,2,0.9023
2024-04-11,NVDA,2,-0.15305
2024-04-11,TSLA,12,0.057225000000000005
2024-04-12,AAPL,15,0.4105333333333333
2024-04-12,AMZN,15,0.41374
2024-04-12,COST,40,0.44448
2024-04-12,GOOGL,44,0.19924545454545453
2024-04-12,META,11,0.2917909090909091
2024-04-12,MSFT,7,0.6745
2024-04-12,NVDA,2,0.45685
2024-04-12,TSLA,2,0.12210000000000004
2024-04-15,AAPL,30,0.38073333333333337
2024-04-15,AMZN,5,0.6333
2024-04-15,BRK.B,1,0.9941
2024-04-15,COST,49,0.3422897959183673
2024-04-15,GOOGL,14,0.5745214285714286
2024-04-15,META,6,0.3732666666666667
2024-04-15,MSFT,8,0.6768125
2024-04-15,NVDA,4,0.04755000000000002
2024-04-15,PG,2,-0.5637
2024-04-15,PM,1,0.7745
2024-04-15,TSLA,40,0.0723625
2024-04-16,AAPL,18,0.6001166666666666
2024-04-16,AMZN,14,0.28281428571428574
2024-04-16,BRK.B,1,-0.7894
2024-04-16,COST,57,0.2098578947368421
2024-04-16,GOOG,1,0.2031
2024-04-16,GOOGL,12,0.4937416666666667
2024-04-16,KO,2,0.32535000000000003
2024-04-16,META,6,-0.24586666666666668
2024-04-16,MSFT,9,0.2773777777777778
2024-04-16,NVDA,3,-0.3217333333333333
2024-04-16,PLTR,1,-0.1027
2024-04-16,TSLA,17,0.3027
2024-04-17,AAPL,19,0.44258947368421053
2024-04-17,AMZN,15,0.22424666666666668
2024-04-17,COST,38,0.21448684210526314
2024-04-17,GOOGL,9,0.02134444444444445
2024-04-17,KO,2,-0.31405
2024-04-17,META,10,0.02207
2024-04-17,MSFT,2,0.14230000000000004
2024-04-17,NVDA,5,0.48552
2024-04-17,PG,3,0.45156666666666667
2024-04-17,TSLA,20,0.083875
2024-04-18,AAPL,26,0.2022230769230769
2024-04-18,AMZN,19,0.2899578947368421
2024-04-18,COST,45,0.2856111111111111
2024-04-18,GOOGL,24,0.46234166666666665
2024-04-18,KO,2,0.00655
2024-04-18,META,29,0.4444862068965517
2024-04-18,MSFT,10,0.64569
2024-04-18,NVDA,7,0.4272714285714286
2024-04-18,PG,2,0.62285
2024-04-18,TSLA,6,0.26655
2024-04-19,AAPL,24,0.22541250000000002
2024-04-19,AMZN,13,0.3764846153846154
2024-04-19,COST,37,0.4468675675675675
2024-04-19,GOOGL,22,0.17016363636363638
2024-04-19,KO,1,0.9807
2024-04-19,META,14,0.43171428571428566
2024-04-19,MSFT,12,0.3496166666666667
2024-04-19,NVDA,3,0.9147
2024-04-19,PG,3,0.28819999999999996
2024-04-19,PM,2,0.71995
2024-04-19,TSLA,43,0.2871767441860465
2024-04-22,AAPL,32,0.33173125
2024-04-22,AMZN,18,0.4011
2024-04-22,BRK.B,2,0.9155500000000001
2024-04-22,COST,48,0.3873520833333333
2024-04-22,GOOGL,20,0.15137
2024-04-22,KO,1,0.9842
2024-04-22,META,25,0.449896
2024-04-22,MSFT,8,0.450275
2024-04-22,NVDA,4,0.862
2024-04-22,PLTR,1,-0.9621
2024-04-22,TSLA,12,0.2641
2024-04-23,AAPL,56,0.36600714285714286
2024-04-23,AMZN,31,0.618958064516129
2024-04-23,BRK.B,2,0.8807499999999999
2024-04-23,COST,50,0.529234
2024-04-23,GOOG,2,0.2202
2024-04-23,GOOGL,43,0.46525116279069767
2024-04-23,META,21,0.43794761904761903
2024-04-23,MSFT,5,-0.08480000000000001
2024-04-23,NVDA,1,-0.1217
2024-04-23,TSLA,29,0.421551724137931
2024-04-24,AAPL,35,0.39986285714285713
2024-04-24,AMZN,15,0.5664466666666667
2024-04-24,COST,35,0.25983142857142855
2024-04-24,GOOGL,54,0.29812962962962963
2024-04-24,KO,1,0.0
2024-04-24,META,23,0.7016217391304348
2024-04-24,MSFT,19,0.4726894736842105
2024-04-24,NVDA,7,0.35815714285714284
2024-04-24,TSLA,38,0.0815921052631579
2024-04-25,AAPL,17,0.13785294117647057
2024-04-25,AMZN,14,0.5682071428571429
2024-04-25,COST,42,0.29946190476190476
2024-04-25,GOOGL,32,0.310375
2024-04-25,HD,1,0.2023
2024-04-25,META,28,0.29984642857142857
2024-04-25,MSFT,9,0.5455111111111112
2024-04-25,NVDA,6,0.60645
2024-04-25,TSLA,9,0.12808888888888886
2024-04-26,AAPL,26,0.4992923076923077
2024-04-26,AMZN,10,0.12351999999999999
2024-04-26,COST,50,0.31087
2024-04-26,GOOG,2,0.42405
2024-04-26,GOOGL,26,0.22660384615384616
2024-04-26,HD,1,0.4335
2024-04-26,META,15,0.24052
2024-04-26,MSFT,10,0.12381
2024-04-26,NVDA,3,0.7745666666666667
2024-04-26,TSLA,10,0.16240000000000002
2024-04-29,AAPL,37,0.2799162162162162
2024-04-29,AMZN,11,0.2787909090909091
2024-04-29,BRK.B,1,0.7765
2024-04-29,COST,56,0.38494821428571424
2024-04-29,GOOGL,23,0.3510695652173913
2024-04-29,KO,1,0.7787
2024-04-29,META,8,-0.161725
2024-04-29,MSFT,9,0.12604444444444446
2024-04-29,NVDA,2,0.4609
2024-04-29,PLTR,1,-0.8294
2024-04-29,TSLA,9,0.09383333333333332
2024-04-30,AAPL,39,0.3294333333333333
2024-04-30,AMZN,11,0.4457181818181818
2024-04-30,BRK.B,1,-0.5207
2024-04-30,COST,33,0.3727181818181818
2024-04-30,GOOGL,18,0.2733666666666667
2024-04-30,META,3,0.9294666666666668
2024-04-30,MSFT,8,0.26880000000000004
2024-04-30,NVDA,1,-0.872
2024-04-30,TSLA,43,0.2478651162790698
2024-05-01,AAPL,20,0.59914
2024-05-01,AMZN,6,0.5323833333333333
2024-05-01,COST,49,0.3197673469387755
2024-05-01,GOOGL,24,0.40335000000000004
2024-05-01,META,8,0.446525
2024-05-01,MSFT,13,0.4335769230769231
2024-05-01,NVDA,3,0.4991333333333334
2024-05-01,TSLA,64,0.3583671875
2024-05-02,AAPL,19,0.37182631578947367
2024-05-02,AMZN,10,0.44387999999999994
2024-05-02,COST,46,0.4211478260869565
2024-05-02,GOOG,1,0.0
2024-05-02,GOOGL,25,0.353444
2024-05-02,KO,1,0.9267
2024-05-02,META,8,0.5830875
2024-05-02,MSFT,15,0.5440733333333333
2024-05-02,NVDA,6,0.7564000000000001
2024-05-02,PG,1,0.992
2024-05-02,TSLA,26,0.12102692307692307
2024-05-03,AAPL,48,0.48786250000000003
2024-05-03,AMZN,6,0.03966666666666666
2024-05-03,BRK.B,2,0.8988499999999999
2024-05-03,COST,60,0.3736916666666667
2024-05-03,GOOGL,16,0.35165
2024-05-03,HD,1,0.81
2024-05-03,META,5,-0.11617999999999999
2024-05-03,MSFT,5,0.25104
2024-05-03,NVDA,3,0.2757
2024-05-03,PLTR,1,-0.6497
2024-05-03,TSLA,18,0.3743888888888889
2024-05-06,AAPL,22,0.47096818181818184
2024-05-06,AMZN,9,0.559711111111111
2024-05-06,BRK.B,1,0.8398
2024-05-06,COST,70,0.41594
2024-05-06,GOOGL,21,0.3977952380952381
2024-05-06,HD,1,0.0
2024-05-06,KO,1,0.8591
2024-05-06,META,20,0.333055
2024-05-06,MSFT,14,0.35712142857142853
2024-05-06,NVDA,4,0.418725
2024-05-06,PM,1,0.7684
2024-05-06,TSLA,8,0.19072500000000003
2024-05-07,AAPL,102,0.3152745098039216
2024-05-07,AMZN,11,0.37974545454545455
2024-05-07,COST,74,0.3180391891891892
2024-05-07,GOOG,1,0.2411
2024-05-07,GOOGL,23,0.4524478260869565
2024-05-07,META,4,0.325275
2024-05-07,MSFT,14,0.22862857142857143
2024-05-07,NVDA,2,0.7836000000000001
2024-05-07,TSLA,9,0.4432
2024-05-08,AAPL,58,0.3767051724137931
2024-05-08,AMZN,5,0.85032
2024-05-08,COST,37,0.05898378378378379
2024-05-08,GOOGL,27,0.46973703703703706
2024-05-08,META,12,0.15304166666666666
2024-05-08,MSFT,8,0.5353875
2024-05-08,NVDA,2,-0.62565
2024-05-08,PLTR,2,-0.1683
2024-05-08,TSLA,18,0.2532833333333333
2024-05-09,AAPL,19,0.4148421052631579
2024-05-09,AMZN,11,0.035636363636363626
2024-05-09,COST,39,0.3705769230769231
2024-05-09,GOOGL,7,0.6813
2024-05-09,META,2,0.7222999999999999
2024-05-09,MSFT,16,0.20923125
2024-05-09,NVDA,1,0.5574
2024-05-09,PLTR,1,0.5442
2024-05-09,TSLA,24,-0.02699583333333334
2024-05-10,AAPL,77,0.26733246753246753
2024-05-10,AMZN,7,0.6348142857142857
2024-05-10,BRK.B,1,0.8894
2024-05-10,COST,30,0.05023333333333334
2024-05-10,GOOGL,11,0.5178818181818182
2024-05-10,META,1,0.0
2024-05-10,MSFT,6,0.81645
2024-05-10,PM,1,-0.5187
2024-05-10,TSLA,8,0.24493749999999997
2024-05-13,AAPL,45,0.5432555555555556
2024-05-13,AMZN,8,0.48585
2024-05-13,BRK.B,1,0.0
2024-05-13,COST,49,0.44279183673469386
2024-05-13,GOOG,1,0.1891
2024-05-13,GOOGL,16,0.40745000000000003
2024-05-13,HD,2,0.70975
2024-05-13,META,12,0.5584833333333333
2024-05-13,MSFT,17,0.3346941176470588
2024-05-13,NVDA,10,0.30938
2024-05-13,TSLA,5,0.5498000000000001
2024-05-14,AAPL,40,0.346955
2024-05-14,AMZN,8,-0.0922375
2024-05-14,COST,37,0.1499864864864865
2024-05-14,GOOGL,36,0.41284444444444446
2024-05-14,HD,1,0.9292
2024-05-14,META,11,0.5217363636363637
2024-05-14,MSFT,8,0.488
2024-05-14,NVDA,4,0.6313
2024-05-14,PM,1,0.9668
2024-05-14,TSLA,14,0.2665285714285714
2024-05-15,AAPL,46,0.31019347826086957
2024-05-15,AMZN,12,0.15509166666666668
2024-05-15,COST,67,0.3905059701492537
2024-05-15,GOOGL,35,0.29093714285714284
2024-05-15,META,9,-0.07265555555555557
2024-05-15,MSFT,8,0.4300625
2024-05-15,NVDA,4,0.2733
2024-05-15,TSLA,5,0.25228
2024-05-16,AAPL,32,0.303759375
2024-05-16,AMZN,4,0.31025
2024-05-16,BRK.B,1,-0.9022
2024-05-16,COST,57,0.33414912280701753
2024-05-16,GOOGL,30,0.42554
2024-05-16,META,10,0.20628000000000002
2024-05-16,MSFT,5,0.14808000000000002
2024-05-16,NVDA,1,-0.9367
2024-05-16,TSLA,29,0.19974827586206897
2024-05-17,AAPL,11,0.2775
2024-05-17,AMZN,5,-0.46372
2024-05-17,COST,60,0.24120166666666668
2024-05-17,GOOGL,7,-0.14692857142857138
2024-05-17,HD,1,0.807
2024-05-17,META,4,0.447125
2024-05-17,MSFT,13,0.24263846153846153
2024-05-17,NVDA,5,0.31844
2024-05-17,PLTR,1,-0.9797
2024-05-17,TSLA,8,0.39944999999999997
2024-05-20,AAPL,36,0.2722027777777778
2024-05-20,AMZN,7,-0.2046285714285714
2024-05-20,COST,46,0.4486065217391304
2024-05-20,GOOG,1,0.8887
2024-05-20,GOOGL,30,0.26799999999999996
2024-05-20,KO,1,0.8244
2024-05-20,META,12,0.223125
2024-05-20,MSFT,12,-0.123475
2024-05-20,NVDA,3,0.1684
2024-05-20,PM,1,-0.9674
2024-05-20,TSLA,6,-0.0684
2024-05-21,AAPL,42,0.07820238095238097
2024-05-21,AMZN,4,0.7583249999999999
2024-05-21,COST,44,0.28187954545454547
2024-05-21,GOOGL,29,0.2650448275862069
2024-05-21,KO,3,0.16996666666666668
2024-05-21,META,14,0.5358357142857143
2024-05-21,MSFT,17,0.3895235294117647
2024-05-21,NVDA,3,0.8940666666666667
2024-05-21,PLTR,1,0.3612
2024-05-21,PM,1,0.8089
2024-05-21,TSLA,17,0.2606058823529412
2024-05-22,AAPL,20,0.47048500000000004
2024-05-22,AMZN,26,0.04668461538461539
2024-05-22,COST,50,0.28239000000000003
2024-05-22,GOOGL,23,0.43480869565217395
2024-05-22,HD,2,0.10075
2024-05-22,META,10,0.45838
2024-05-22,MSFT,15,0.3577333333333333
2024-05-22,NVDA,40,0.3648125
2024-05-22,PG,1,0.9918
2024-05-22,PM,1,-0.7613
2024-05-22,TSLA,33,0.28101515151515155
2024-05-23,AAPL,21,0.296852380952381
2024-05-23,AMZN,11,0.2706090909090909
2024-05-23,COST,50,0.21353999999999998
2024-05-23,GOOGL,41,0.29008780487804875
2024-05-23,HD,2,0.91475
2024-05-23,META,4,-0.599025
2024-05-23,MSFT,14,0.5200642857142858
2024-05-23,NVDA,13,0.32770000000000005
2024-05-23,PG,1,-0.3804
2024-05-23,TSLA,3,0.4377
2024-05-24,AAPL,26,0.45379615384615385
2024-05-24,AMZN,3,0.7106333333333333
2024-05-24,BRK.B,1,-0.7166
2024-05-24,COST,44,0.27291818181818184
2024-05-24,GOOGL,13,0.3755538461538462
2024-05-24,KO,1,0.9639
2024-05-24,META,5,0.06368
2024-05-24,MSFT,6,0.6338333333333334
2024-05-24,NVDA,3,0.2214
2024-05-24,PG,1,0.7003
2024-05-24,PM,1,-0.5267
2024-05-24,TSLA,7,0.0783142857142857
2024-05-28,AAPL,31,0.1803
2024-05-28,AMZN,11,0.07714545454545454
2024-05-28,COST,60,0.090655
2024-05-28,GOOGL,16,0.10517499999999999
2024-05-28,HD,1,0.5106
2024-05-28,META,20,0.371695
2024-05-28,MSFT,6,0.5513833333333333
2024-05-28,NVDA,5,0.1923
2024-05-28,TSLA,6,0.6376000000000001
2024-05-29,AAPL,30,0.33707
2024-05-29,AMZN,13,0.42349230769230767
2024-05-29,BRK.B,1,0.0
2024-05-29,COST,63,0.12293015873015874
2024-05-29,GOOGL,34,0.43782058823529413
2024-05-29,HD,1,0.8683
2024-05-29,KO,1,0.5984
2024-05-29,META,7,0.3254714285714285
2024-05-29,MSFT,12,0.31149166666666667
2024-05-29,NVDA,22,0.3681318181818182
2024-05-29,PG,3,-0.11156666666666666
2024-05-29,PM,1,0.9643
2024-05-29,TSLA,19,0.03571052631578947
2024-05-30,AAPL,21,-0.025266666666666666
2024-05-30,AMZN,8,0.54635
2024-05-30,BRK.B,1,0.9032
2024-05-30,COST,56,0.24258928571428573
2024-05-30,GOOG,1,0.3546
2024-05-30,GOOGL,38,0.21037368421052632
2024-05-30,META,11,0.5394727272727272
2024-05-30,MSFT,13,0.3359846153846154
2024-05-30,NVDA,7,0.6879857142857143
2024-05-30,PG,7,0.2678285714285714
2024-05-30,PM,1,-0.8405
2024-05-30,TSLA,15,0.43404666666666664
2024-05-31,AAPL,29,0.3809241379310345
2024-05-31,AMZN,5,0.5048600000000001
2024-05-31,COST,35,0.3723514285714286
2024-05-31,GOOGL,27,0.35200370370370365
2024-05-31,HD,3,0.19923333333333335
2024-05-31,META,13,0.7534076923076923
2024-05-31,MSFT,6,0.88885
2024-05-31,NVDA,5,0.28528000000000003
2024-05-31,PG,4,0.389675
2024-05-31,PM,1,0.9768
2024-05-31,TSLA,11,0.14693636363636361
2024-06-03,AAPL,15,0.4917866666666667
2024-06-03,AMZN,4,0.42510000000000003
2024-06-03,BRK.B,3,-0.026966666666666656
2024-06-03,COST,44,0.39853409090909087
2024-06-03,GOOGL,17,0.6644588235294118
2024-06-03,META,8,0.317575
2024-06-03,MSFT,5,0.53876
2024-06-03,NVDA,2,0.19925
2024-06-03,PG,1,0.9002
2024-06-03,PM,1,-0.6615
2024-06-03,TSLA,14,0.262
2024-06-04,AAPL,15,0.5071266666666667
2024-06-04,AMZN,4,0.87845
2024-06-04,BRK.B,1,-0.6518
2024-06-04,COST,41,0.49561707317073167
2024-06-04,GOOGL,15,0.17352
2024-06-04,HD,1,-0.8074
2024-06-04,KO,2,0.31055
2024-06-04,META,5,0.64496
2024-06-04,MSFT,15,0.5459600000000001
2024-06-04,NVDA,7,0.5900571428571428
2024-06-04,TSLA,20,0.36002
2024-06-05,AAPL,42,0.25814047619047614
2024-06-05,AMZN,7,0.7884142857142857
2024-06-05,BRK.B,1,0.6369
2024-06-05,COST,33,0.3016787878787879
2024-06-05,GOOGL,26,0.29209615384615384
2024-06-05,KO,3,-0.23416666666666663
2024-06-05,META,7,0.37102857142857143
2024-06-05,MSFT,23,0.3333260869565217
2024-06-05,NVDA,14,0.45357142857142857
2024-06-05,PG,1,0.9609
2024-06-05,TSLA,18,0.4557555555555555
2024-06-06,AAPL,24,0.29277083333333337
2024-06-06,AMZN,3,0.7658999999999999
2024-06-06,COST,54,0.32170185185185185
2024-06-06,GOOGL,16,0.41357499999999997
2024-06-06,META,2,-0.10220000000000001
2024-06-06,MSFT,29,0.40977931034482756
2024-06-06,NVDA,43,0.23356976744186045
2024-06-06,TSLA,14,0.03956428571428572
2024-06-07,AAPL,27,0.3731333333333333
2024-06-07,AMZN,7,0.6211142857142857
2024-06-07,COST,29,0.3635655172413793
2024-06-07,GOOGL,14,0.19674999999999998
2024-06-07,HD,1,-0.3612
2024-06-07,KO,2,0.7257
2024-06-07,META,4,0.1466
2024-06-07,MSFT,15,0.13058000000000003
2024-06-07,NVDA,14,0.11630714285714286
2024-06-07,TSLA,1,-0.5719
2024-06-10,AAPL,102,0.4150558823529412
2024-06-10,AMZN,4,0.639425
2024-06-10,BRK.B,1,-0.3804
2024-06-10,COST,31,0.5407645161290323
2024-06-10,GOOG,1,0.296
2024-06-10,GOOGL,19,0.5307894736842106
2024-06-10,KO,1,-0.4836
2024-06-10,META,6,0.6632833333333333
2024-06-10,MSFT,9,0.5678777777777778
2024-06-10,NVDA,14,0.46072142857142856
2024-06-10,PG,1,0.0
2024-06-10,PM,1,0.6476
2024-06-10,TSLA,6,0.21513333333333332
2024-06-11,AAPL,104,0.3445471153846154
2024-06-11,AMZN,5,0.5864
2024-06-11,COST,48,0.42095625
2024-06-11,GOOGL,33,0.11281515151515152
2024-06-11,META,11,0.42401818181818185
2024-06-11,MSFT,13,0.2994230769230769
2024-06-11,NVDA,10,0.5767800000000001
2024-06-11,TSLA,19,0.25566842105263154
2024-06-12,AAPL,47,0.3989382978723404
2024-06-12,AMZN,16,0.6082062500000001
2024-06-12,BRK.B,1,-0.5745
2024-06-12,COST,49,0.417665306122449
2024-06-12,GOOGL,29,0.4188724137931034
2024-06-12,HD,1,0.7783
2024-06-12,META,4,0.6822
2024-06-12,MSFT,12,0.6772916666666666
2024-06-12,NVDA,3,0.5466333333333333
2024-06-12,PLTR,1,0.9487
2024-06-12,PM,1,0.1518
2024-06-12,TSLA,15,0.5350333333333332
2024-06-13,AAPL,54,0.42495
2024-06-13,AMZN,9,0.5884777777777779
2024-06-13,BRK.B,1,0.6731
2024-06-13,COST,58,0.22895689655172416
2024-06-13,GOOGL,26,0.35885
2024-06-13,HD,2,0.51805
2024-06-13,META,5,-0.019900000000000008
2024-06-13,MSFT,32,0.288303125
2024-06-13,NVDA,30,0.32505
2024-06-13,PM,2,0.8595999999999999
2024-06-13,TSLA,13,0.2636076923076923
2024-06-14,AAPL,41,0.46285853658536585
2024-06-14,AMZN,11,0.15692727272727272
2024-06-14,BRK.B,1,0.6456
2024-06-14,COST,54,0.37652592592592593
2024-06-14,GOOGL,12,0.3519833333333333
2024-06-14,META,6,-0.0057499999999999956
2024-06-14,MSFT,24,0.3439666666666667
2024-06-14,NVDA,19,0.41313684210526314
2024-06-14,TSLA,33,0.40741212121212117
2024-06-17,AAPL,29,0.5368241379310345
2024-06-17,AMZN,9,0.12712222222222225
2024-06-17,BRK.B,1,0.7506
2024-06-17,COST,70,0.2294314285714286
2024-06-17,GOOGL,16,0.13930625
2024-06-17,HD,2,0.9276500000000001
2024-06-17,KO,1,-0.7545
2024-06-17,META,5,0.5434599999999999
2024-06-17,MSFT,9,0.0825888888888889
2024-06-17,NVDA,29,0.3089931034482759
2024-06-17,TSLA,6,0.34709999999999996
2024-06-18,AAPL,37,0.5858972972972973
2024-06-18,AMZN,13,0.0888923076923077
2024-06-18,BRK.B,1,0.6943
2024-06-18,COST,60,0.35755166666666666
2024-06-18,GOOGL,28,0.3986714285714286
2024-06-18,META,7,0.48104285714285716
2024-06-18,MSFT,13,0.22433846153846154
2024-06-18,NVDA,12,0.32080000000000003
2024-06-18,PLTR,1,0.765
2024-06-18,PM,1,0.9871
2024-06-18,TSLA,9,0.2775
2024-06-20,AAPL,16,0.37706249999999997
2024-06-20,AMZN,8,0.7635125
2024-06-20,COST,47,0.3559595744680851
2024-06-20,GOOGL,18,0.11864999999999999
2024-06-20,KO,1,0.5499
2024-06-20,META,20,0.37170000000000003
2024-06-20,MSFT,10,0.5635899999999999
2024-06-20,NVDA,13,0.4064153846153846
2024-06-20,PG,1,0.6265
2024-06-20,TSLA,3,0.2572666666666667
2024-06-21,AAPL,35,0.3740714285714286
2024-06-21,AMZN,10,0.66282
2024-06-21,BRK.B,1,0.9413
2024-06-21,COST,51,0.40359803921568627
2024-06-21,GOOGL,26,0.6169615384615385
2024-06-21,KO,1,-0.3774
2024-06-21,META,10,0.27605
2024-06-21,MSFT,9,0.3503888888888889
2024-06-21,NVDA,4,0.02832499999999999
2024-06-21,PG,1,0.2148
2024-06-21,TSLA,23,0.14041739130434783
2024-06-24,AAPL,124,0.21193629032258066
2024-06-24,AMZN,19,0.5715052631578947
2024-06-24,COST,49,0.22693673469387754
2024-06-24,GOOG,1,0.6369
2024-06-24,GOOGL,9,0.1322888888888889
2024-06-24,KO,1,-0.5862
2024-06-24,META,2,0.28725
2024-06-24,MSFT,17,0.2803294117647059
2024-06-24,NVDA,7,0.29965714285714284
2024-06-24,TSLA,4,0.22805
2024-06-25,AAPL,56,0.28001607142857143
2024-06-25,AMZN,5,0.34718
2024-06-25,BRK.B,1,0.9136
2024-06-25,COST,29,0.14284827586206897
2024-06-25,GOOGL,19,0.2195263157894737
2024-06-25,META,9,0.13284444444444443
2024-06-25,MSFT,39,0.2944538461538462
2024-06-25,NVDA,17,0.4787647058823529
2024-06-25,PLTR,1,-0.93
2024-06-25,TSLA,8,0.3127375
2024-06-26,AAPL,38,0.3343421052631579
2024-06-26,AMZN,7,0.0031714285714285867
2024-06-26,BRK.B,2,0.1724
2024-06-26,COST,45,0.36030888888888885
2024-06-26,GOOGL,19,0.35278947368421054
2024-06-26,META,4,0.3184
2024-06-26,MSFT,29,0.30199310344827585
2024-06-26,NVDA,5,0.53982
2024-06-26,PLTR,1,0.5574
2024-06-26,PM,2,0.03115000000000001
2024-06-26,TSLA,14,0.29677857142857145
2024-06-27,AAPL,17,0.30871764705882354
2024-06-27,AMZN,8,0.6224875
2024-06-27,COST,41,0.42658292682926824
2024-06-27,GOOGL,14,0.3856428571428571
2024-06-27,HD,1,0.9494
2024-06-27,KO,1,0.8498
2024-06-27,META,5,0.78628
2024-06-27,MSFT,6,0.3045
2024-06-27,NVDA,3,0.4716666666666667
2024-06-27,PG,1,-0.7847
2024-06-27,PM,1,0.8126
2024-06-27,TSLA,9,0.5360333333333334
2024-06-28,AAPL,9,0.29841111111111107
2024-06-28,AMZN,4,0.0026500000000000135
2024-06-28,COST,47,0.35458510638297874
2024-06-28,GOOGL,12,0.5635
2024-06-28,META,16,0.010468750000000002
2024-06-28,MSFT,7,0.3416571428571428
2024-06-28,NVDA,3,0.8765000000000001
2024-06-28,TSLA,2,0.26675000000000004
2024-07-01,AAPL,14,0.34919285714285714
2024-07-01,AMZN,9,0.5454444444444444
2024-07-01,COST,33,0.2696636363636363
2024-07-01,GOOGL,30,0.6061933333333334
2024-07-01,HD,1,0.9926
2024-07-01,META,7,0.8365571428571429
2024-07-01,MSFT,4,0.11752500000000003
2024-07-01,NVDA,2,0.98865
2024-07-01,PG,1,0.8578
2024-07-01,PM,2,0.7501
2024-07-01,TSLA,12,0.47855
2024-07-02,AAPL,9,0.3633666666666666
2024-07-02,AMZN,4,0.16924999999999998
2024-07-02,COST,21,0.4371761904761905
2024-07-02,GOOGL,24,0.5022958333333333
2024-07-02,META,2,0.74905
2024-07-02,MSFT,11,0.6471272727272728
2024-07-02,NVDA,3,0.25353333333333333
2024-07-02,PM,2,-0.19820000000000004
2024-07-02,TSLA,2,0.148
2024-07-03,AAPL,16,0.27911874999999997
2024-07-03,AMZN,6,0.6398166666666666
2024-07-03,COST,42,0.33065
2024-07-03,GOOGL,19,0.17382105263157896
2024-07-03,KO,1,-0.762
2024-07-03,META,4,0.51805
2024-07-03,MSFT,12,0.47189166666666665
2024-07-03,NVDA,7,0.26462857142857144
2024-07-03,TSLA,2,-0.47235
2024-07-05,AAPL,14,0.5739214285714286
2024-07-05,AMZN,6,0.6904833333333333
2024-07-05,BRK.B,1,0.7474
2024-07-05,COST,42,0.328697619047619
2024-07-05,GOOGL,15,0.1554733333333333
2024-07-05,HD,1,0.7982
2024-07-05,META,4,0.50135
2024-07-05,MSFT,4,-0.248875
2024-07-05,NVDA,15,0.35722666666666664
2024-07-05,PM,1,-0.296
2024-07-05,TSLA,3,0.7744666666666666
2024-07-08,AAPL,28,0.33372142857142856
2024-07-08,AMZN,3,0.41480000000000006
2024-07-08,BRK.B,2,0.5313
2024-07-08,COST,37,0.31212432432432435
2024-07-08,GOOGL,17,0.10687058823529413
2024-07-08,HD,1,-0.4767
2024-07-08,KO,2,0.5407
2024-07-08,META,5,0.24494
2024-07-08,MSFT,5,0.43338
2024-07-08,NVDA,1,0.8914
2024-07-08,PG,1,0.8271
2024-07-08,PLTR,1,0.7269
2024-07-08,TSLA,3,-0.014933333333333318
2024-07-09,AAPL,21,0.45871904761904764
2024-07-09,AMZN,12,0.28931666666666667
2024-07-09,COST,40,0.324665
2024-07-09,GOOGL,18,0.3496722222222222
2024-07-09,META,2,0.21979999999999997
2024-07-09,MSFT,9,0.6403555555555555
2024-07-09,NVDA,4,0.40265
2024-07-09,PG,1,0.9536
2024-07-09,PM,3,0.29960000000000003
2024-07-09,TSLA,8,0.44706250000000003
2024-07-10,AAPL,14,0.4171357142857143
2024-07-10,AMZN,3,0.5519333333333333
2024-07-10,COST,51,0.4702176470588236
2024-07-10,GOOG,1,0.1154
2024-07-10,GOOGL,17,0.5380705882352941
2024-07-10,KO,2,0.20415
2024-07-10,META,3,0.41496666666666665
2024-07-10,MSFT,12,0.5129166666666667
2024-07-10,NVDA,13,0.3955153846153846
2024-07-10,TSLA,11,0.34327272727272723
2024-07-11,AAPL,37,0.33105135135135133
2024-07-11,AMZN,5,0.24936000000000003
2024-07-11,COST,33,0.27843030303030303
2024-07-11,GOOGL,13,0.24011538461538462
2024-07-11,KO,1,0.3818
2024-07-11,META,7,0.3651142857142857
2024-07-11,MSFT,4,0.52355
2024-07-11,NVDA,4,0.3951
2024-07-11,PG,1,0.4642
2024-07-11,PM,2,-0.078
2024-07-11,TSLA,5,0.19094000000000003
2024-07-12,AAPL,29,0.4421413793103448
2024-07-12,AMZN,1,0.8263
2024-07-12,COST,48,0.22567708333333333
2024-07-12,GOOGL,12,0.34315
2024-07-12,META,6,0.5397333333333333
2024-07-12,MSFT,1,-0.1005
2024-07-12,NVDA,4,0.6294
2024-07-12,PG,1,0.4576
2024-07-12,PM,1,0.9468
2024-07-12,TSLA,4,0.30567500000000003
2024-07-15,AAPL,14,0.4735357142857143
2024-07-15,AMZN,5,0.70194
2024-07-15,COST,28,0.4691178571428571
2024-07-15,GOOGL,17,0.46415882352941173
2024-07-15,META,6,0.5432833333333333
2024-07-15,MSFT,4,0.30822499999999997
2024-07-15,NVDA,15,0.47924
2024-07-15,PG,1,-0.7916
2024-07-15,TSLA,2,0.3141
2024-07-16,AAPL,12,0.3662916666666667
2024-07-16,AMZN,3,0.4239
2024-07-16,COST,35,0.4489485714285714
2024-07-16,GOOGL,23,0.37152608695652173
2024-07-16,HD,1,0.9794
2024-07-16,META,5,0.6839999999999999
2024-07-16,MSFT,1,0.9517
2024-07-16,NVDA,5,0.03154000000000002
2024-07-16,PM,2,0.6279
2024-07-16,TSLA,7,0.3079571428571429
2024-07-17,AAPL,20,0.465575
2024-07-17,AMZN,22,0.2828272727272727
2024-07-17,COST,42,0.1502904761904762
2024-07-17,GOOGL,15,0.32686
2024-07-17,META,9,0.4257888888888889
2024-07-17,MSFT,11,0.4405545454545454
2024-07-17,NVDA,3,0.2906333333333333
2024-07-17,TSLA,3,0.6271666666666668
2024-07-18,AAPL,17,0.2917235294117647
2024-07-18,AMZN,8,0.164625
2024-07-18,BRK.B,3,0.11123333333333334
2024-07-18,COST,27,0.5724888888888889
2024-07-18,GOOGL,12,0.4216166666666667
2024-07-18,HD,1,0.3736
2024-07-18,META,19,0.19177894736842105
2024-07-18,MSFT,8,0.414475
2024-07-18,NVDA,4,0.45342499999999997
2024-07-18,TSLA,8,0.180975
2024-07-19,AAPL,20,0.33869
2024-07-19,AMZN,4,0.306575
2024-07-19,COST,47,0.12330212765957446
2024-07-19,GOOGL,13,0.4176384615384615
2024-07-19,KO,1,-0.1591
2024-07-19,META,8,0.375125
2024-07-19,MSFT,28,-0.06002142857142857
2024-07-19,NVDA,1,0.9485
2024-07-19,PM,1,0.0
2024-07-19,TSLA,6,0.047166666666666655
2024-07-22,AAPL,24,0.2763
2024-07-22,AMZN,6,-0.0232
2024-07-22,COST,47,0.43835531914893616
2024-07-22,GOOGL,21,0.17564761904761902
2024-07-22,META,9,0.26835555555555557
2024-07-22,MSFT,18,-0.037033333333333335
2024-07-22,NVDA,1,0.9636
2024-07-22,TSLA,3,0.17003333333333334
2024-07-23,AAPL,17,0.6864117647058824
2024-07-23,AMZN,9,0.4390444444444445
2024-07-23,COST,48,0.29267916666666666
2024-07-23,GOOG,1,0.0041
2024-07-23,GOOGL,38,0.4751657894736842
2024-07-23,META,30,0.53908
2024-07-23,MSFT,16,0.4928
2024-07-23,NVDA,6,0.6224833333333333
2024-07-23,PM,1,0.943
2024-07-23,TSLA,32,0.34000625
2024-07-24,AAPL,10,0.70499
2024-07-24,AMZN,37,0.4393621621621621
2024-07-24,COST,41,0.3762536585365853
2024-07-24,GOOGL,22,0.3543545454545454
2024-07-24,META,14,0.41867857142857146
2024-07-24,MSFT,26,0.41010769230769234
2024-07-24,NVDA,4,0.182375
2024-07-24,PLTR,1,0.9042
2024-07-24,TSLA,18,0.5225055555555556
2024-07-25,AAPL,26,0.39694230769230765
2024-07-25,AMZN,54,0.33022222222222225
2024-07-25,BRK.B,1,0.0516
2024-07-25,COST,62,0.3574741935483871
2024-07-25,GOOGL,25,0.347924
2024-07-25,KO,1,0.1032
2024-07-25,META,7,0.18561428571428573
2024-07-25,MSFT,15,0.45614666666666664
2024-07-25,NVDA,12,0.6441583333333333
2024-07-25,PM,2,0.8938999999999999
2024-07-25,TSLA,1,0.9214
2024-07-26,AAPL,18,-0.018544444444444426
2024-07-26,AMZN,3,0.7059000000000001
2024-07-26,BRK.B,1,0.296
2024-07-26,COST,33,0.20224848484848484
2024-07-26,GOOGL,11,0.12435454545454544
2024-07-26,HD,1,0.9594
2024-07-26,KO,3,-0.08103333333333336
2024-07-26,META,11,0.22760909090909093
2024-07-26,MSFT,1,0.9489
2024-07-26,NVDA,6,-0.3247333333333333
2024-07-26,TSLA,7,0.6227
2024-07-29,AAPL,13,0.4811692307692308
2024-07-29,AMZN,5,0.29272
2024-07-29,COST,38,0.4336315789473685
2024-07-29,GOOGL,15,-0.0008000000000000081
2024-07-29,HD,2,0.9811000000000001
2024-07-29,KO,1,0.9224
2024-07-29,META,6,0.6852666666666667
2024-07-29,MSFT,7,0.16565714285714286
2024-07-29,NVDA,3,0.3092333333333333
2024-07-29,PM,1,0.8765
2024-07-29,TSLA,1,0.7003
2024-07-30,AAPL,21,0.5519047619047619
2024-07-30,AMZN,13,0.41214615384615383
2024-07-30,BRK.B,2,0.9591000000000001
2024-07-30,COST,28,0.20345
2024-07-30,GOOGL,27,0.19684444444444443
2024-07-30,KO,1,-0.1779
2024-07-30,META,22,0.2912363636363636
2024-07-30,MSFT,15,0.3406133333333333
2024-07-30,NVDA,3,0.45393333333333336
2024-07-30,PG,1,0.8973
2024-07-30,TSLA,2,0.9462999999999999
2024-07-31,AAPL,33,0.3307818181818182
2024-07-31,AMZN,20,0.525505
2024-07-31,COST,24,0.3767875
2024-07-31,GOOGL,26,0.06396153846153847
2024-07-31,META,30,0.2334266666666667
2024-07-31,MSFT,14,0.38915714285714287
2024-07-31,NVDA,3,0.41290000000000004
2024-07-31,TSLA,5,0.67686
2024-08-01,AAPL,17,0.5130470588235294
2024-08-01,AMZN,8,0.5737875
2024-08-01,COST,39,0.5295769230769231
2024-08-01,GOOG,1,-0.631
2024-08-01,GOOGL,34,0.2934529411764706
2024-08-01,META,11,0.49417272727272726
2024-08-01,MSFT,20,0.322895
2024-08-01,NVDA,4,0.5688
2024-08-01,TSLA,18,0.20375555555555558
2024-08-02,AAPL,9,-0.012722222222222222
2024-08-02,AMZN,5,0.53958
2024-08-02,COST,33,0.24773939393939393
2024-08-02,GOOG,1,0.2971
2024-08-02,GOOGL,24,0.5582375
2024-08-02,KO,1,-0.6775
2024-08-02,META,13,0.2805692307692308
2024-08-02,MSFT,3,0.5793666666666667
2024-08-02,NVDA,20,0.55901
2024-08-02,TSLA,3,0.5201666666666667
2024-08-05,AAPL,41,0.18465121951219512
2024-08-05,AMZN,5,0.44711999999999996
2024-08-05,BRK.B,2,0.9037999999999999
2024-08-05,COST,47,0.25218936170212763
2024-08-05,GOOGL,36,0.3152611111111111
2024-08-05,META,6,0.30556666666666665
2024-08-05,MSFT,6,0.6732666666666667
2024-08-05,NVDA,14,0.42518571428571433
2024-08-05,PG,1,0.9503
2024-08-05,TSLA,4,0.024824999999999986
2024-08-06,AAPL,34,0.2429529411764706
2024-08-06,AMZN,11,0.7055636363636364
2024-08-06,BRK.B,1,0.7351
2024-08-06,COST,33,0.3318090909090909
2024-08-06,GOOG,1,0.6124
2024-08-06,GOOGL,75,0.190692
2024-08-06,HD,1,0.6597
2024-08-06,KO,1,-0.1877
2024-08-06,META,7,0.42382857142857144
2024-08-06,MSFT,12,0.08139166666666667
2024-08-06,NVDA,12,0.28305
2024-08-06,PG,1,0.9895
2024-08-06,PM,1,-0.9829
2024-08-06,TSLA,10,0.15612
2024-08-07,AAPL,22,0.3927545454545454
2024-08-07,AMZN,6,0.11943333333333332
2024-08-07,COST,55,0.3097436363636364
2024-08-07,GOOGL,27,0.43374444444444443
2024-08-07,HD,1,-0.0758
2024-08-07,KO,3,0.045899999999999996
2024-08-07,META,5,0.49836
2024-08-07,MSFT,15,0.49256
2024-08-07,NVDA,3,0.6565666666666666
2024-08-07,PM,3,0.8954333333333334
2024-08-07,TSLA,10,0.41762
2024-08-08,AAPL,59,0.14933389830508476
2024-08-08,AMZN,8,0.4476
2024-08-08,COST,61,0.43359016393442623
2024-08-08,GOOG,1,0.9855
2024-08-08,GOOGL,17,0.18216470588235295
2024-08-08,KO,1,0.5577
2024-08-08,META,4,0.480225
2024-08-08,MSFT,10,0.35795
2024-08-08,NVDA,8,0.360275
2024-08-08,PG,2,0.8144
2024-08-09,AAPL,43,0.19815581395348836
2024-08-09,AMZN,4,0.6496
2024-08-09,BRK.B,1,0.9571
2024-08-09,COST,64,0.4344484375
2024-08-09,GOOGL,13,0.45143846153846157
2024-08-09,META,2,0.9154
2024-08-09,MSFT,3,0.3421
2024-08-09,NVDA,5,0.31764000000000003
2024-08-09,PLTR,1,0.7033
2024-08-09,PM,2,0.37645
2024-08-09,TSLA,4,0.329425
2024-08-12,AAPL,99,0.16635050505050503
2024-08-12,AMZN,7,0.4623857142857143
2024-08-12,COST,34,0.4229264705882353
2024-08-12,GOOGL,15,0.4165933333333333
2024-08-12,KO,1,0.772
2024-08-12,META,4,0.6831
2024-08-12,MSFT,1,0.9565
2024-08-12,NVDA,1,0.6124
2024-08-12,TSLA,9,0.27909999999999996
2024-08-13,AAPL,74,0.22104054054054054
2024-08-13,AMZN,4,0.37415
2024-08-13,COST,36,0.3915611111111111
2024-08-13,GOOGL,35,0.48907999999999996
2024-08-13,KO,3,0.41019999999999995
2024-08-13,META,5,0.6099
2024-08-13,MSFT,5,0.51734
2024-08-13,NVDA,1,0.862
2024-08-13,PG,1,0.7664
2024-08-13,TSLA,2,-0.35215
2024-08-14,AAPL,36,0.37135555555555555
2024-08-14,AMZN,9,0.010088888888888876
2024-08-14,COST,43,0.3338279069767442
2024-08-14,GOOGL,32,0.3740125
2024-08-14,META,9,0.12154444444444445
2024-08-14,MSFT,9,0.7330666666666666
2024-08-14,NVDA,1,0.8806
2024-08-14,TSLA,5,-0.3115
2024-08-15,AAPL,59,0.215364406779661
2024-08-15,AMZN,6,0.7528833333333332
2024-08-15,COST,44,0.34144090909090913
2024-08-15,GOOGL,49,0.2937877551020408
2024-08-15,META,5,0.21738
2024-08-15,MSFT,12,0.029058333333333335
2024-08-15,PG,1,0.5036
2024-08-15,PM,1,-0.0258
2024-08-15,TSLA,5,0.17538
2024-08-16,AAPL,55,0.4278854545454545
2024-08-16,AMZN,13,0.35118461538461543
2024-08-16,COST,36,0.39759999999999995
2024-08-16,GOOGL,27,0.3940148148148148
2024-08-16,META,9,-0.5223111111111112
2024-08-16,MSFT,7,0.6190285714285714
2024-08-16,NVDA,3,0.07206666666666665
2024-08-16,TSLA,4,-0.28095000000000003
2024-08-19,AAPL,34,0.5465441176470588
2024-08-19,AMZN,6,0.6482
2024-08-19,COST,34,0.34900294117647057
2024-08-19,GOOGL,25,0.274692
2024-08-19,META,2,0.8482
2024-08-19,MSFT,6,0.1306
2024-08-19,NVDA,1,0.8586
2024-08-19,PG,1,0.1779
2024-08-19,TSLA,5,0.28636
2024-08-20,AAPL,14,0.23223571428571427
2024-08-20,AMZN,12,0.6660916666666666
2024-08-20,COST,24,0.425125
2024-08-20,GOOGL,20,0.024354999999999998
2024-08-20,META,4,0.16935000000000003
2024-08-20,MSFT,11,0.4216
2024-08-20,NVDA,2,0.1094
2024-08-20,TSLA,10,0.48342999999999997
2024-08-21,AAPL,6,0.2599166666666667
2024-08-21,AMZN,8,0.3744875
2024-08-21,COST,50,0.156664
2024-08-21,GOOGL,18,0.5359055555555555
2024-08-21,KO,1,0.8827
2024-08-21,META,6,0.7616833333333334
2024-08-21,MSFT,11,0.7936
2024-08-21,NVDA,2,0.97855
2024-08-21,PLTR,1,-0.6369
2024-08-21,TSLA,2,0.4148
2024-08-22,AAPL,24,0.22572083333333334
2024-08-22,AMZN,7,0.4766142857142857
2024-08-22,COST,49,0.41837755102040813
2024-08-22,GOOGL,9,0.48313333333333336
2024-08-22,META,9,0.08505555555555555
2024-08-22,MSFT,9,0.4775111111111111
2024-08-22,NVDA,1,-0.5216
2024-08-22,PG,1,0.9586
2024-08-22,PM,4,0.92035
2024-08-22,TSLA,4,0.12689999999999999
2024-08-23,AAPL,21,0.36263809523809526
2024-08-23,AMZN,9,0.37033333333333335
2024-08-23,COST,40,0.26033249999999997
2024-08-23,GOOG,1,0.9851
2024-08-23,GOOGL,8,0.6275625
2024-08-23,KO,1,0.9649
2024-08-23,META,3,0.5168
2024-08-23,MSFT,15,0.39019333333333334
2024-08-23,NVDA,3,-0.07843333333333331
2024-08-23,PM,1,0.9033
2024-08-23,TSLA,22,-0.0423090909090909
2024-08-26,AAPL,21,0.37856666666666666
2024-08-26,AMZN,7,0.7246857142857143
2024-08-26,BRK.B,1,-0.34
2024-08-26,COST,69,0.31851304347826087
2024-08-26,GOOGL,18,0.37035555555555555
2024-08-26,META,11,0.5317727272727273
2024-08-26,MSFT,2,-0.08259999999999995
2024-08-26,PM,2,0.18679999999999997
2024-08-26,TSLA,4,0.45142499999999997
2024-08-27,AAPL,12,0.4750666666666667
2024-08-27,AMZN,4,0.242075
2024-08-27,COST,71,0.36322957746478873
2024-08-27,GOOGL,5,0.26222
2024-08-27,META,14,0.08411428571428571
2024-08-27,MSFT,7,0.6341714285714285
2024-08-27,NVDA,12,0.4334
2024-08-27,PM,1,0.9902
2024-08-27,TSLA,4,0.013325000000000031
2024-08-28,AAPL,12,0.734175
2024-08-28,AMZN,26,0.36345
2024-08-28,BRK.B,1,0.8442
2024-08-28,COST,46,0.3427782608695652
2024-08-28,GOOGL,16,0.21026875
2024-08-28,META,10,0.050039999999999994
2024-08-28,MSFT,8,0.09875
2024-08-28,NVDA,18,0.5039555555555555
2024-08-28,PM,3,0.9442333333333334
2024-08-28,TSLA,14,-0.07514285714285715
2024-08-29,AAPL,30,0.30721666666666664
2024-08-29,AMZN,19,0.26442105263157895
2024-08-29,COST,66,0.21199545454545454
2024-08-29,GOOGL,16,0.3195625
2024-08-29,META,29,0.2939896551724138
2024-08-29,MSFT,6,0.7023166666666666
2024-08-29,NVDA,3,0.46290000000000003
2024-08-29,PG,1,-0.2846
2024-08-29,TSLA,8,0.53815
2024-08-30,AAPL,22,0.4619363636363636
2024-08-30,AMZN,18,0.3945722222222222
2024-08-30,COST,44,0.4044727272727273
2024-08-30,GOOGL,22,-0.008040909090909083
2024-08-30,META,11,0.16856363636363636
2024-08-30,MSFT,3,0.01423333333333332
2024-08-30,NVDA,1,0.8526
2024-08-30,PM,1,0.902
2024-08-30,TSLA,8,0.48014999999999997
2024-09-03,AAPL,17,0.5567529411764706
2024-09-03,AMZN,11,0.1368
2024-09-03,BRK.B,2,0.22455
2024-09-03,COST,30,0.4208866666666667
2024-09-03,GOOGL,20,0.632995
2024-09-03,META,11,0.6131545454545454
2024-09-03,MSFT,9,0.5721888888888889
2024-09-03,NVDA,2,-0.0040000000000000036
2024-09-03,PG,2,0.30855
2024-09-03,PM,2,0.9640500000000001
2024-09-03,TSLA,5,0.2833
2024-09-04,AAPL,24,0.47712916666666666
2024-09-04,AMZN,17,0.4355
2024-09-04,COST,42,0.3250619047619048
2024-09-04,GOOGL,16,0.6376375
2024-09-04,HD,1,0.0
2024-09-04,META,2,0.8160000000000001
2024-09-04,MSFT,13,0.5714076923076923
2024-09-04,NVDA,9,0.19823333333333334
2024-09-04,TSLA,6,0.33499999999999996
2024-09-05,AAPL,7,0.31484285714285715
2024-09-05,AMZN,4,0.3293
2024-09-05,COST,28,0.1516107142857143
2024-09-05,GOOGL,11,0.7659636363636363
2024-09-05,META,1,0.9449
2024-09-05,MSFT,9,0.6407
2024-09-05,NVDA,8,0.218725
2024-09-05,PG,1,0.9226
2024-09-05,TSLA,12,0.16514166666666666
2024-09-06,AAPL,12,0.5155666666666666
2024-09-06,AMZN,6,0.4454
2024-09-06,COST,39,0.33216923076923077
2024-09-06,GOOGL,12,0.4792083333333333
2024-09-06,KO,1,0.9964
2024-09-06,META,2,0.015100000000000002
2024-09-06,MSFT,8,0.7015875
2024-09-06,NVDA,5,-0.03206
2024-09-06,PG,1,0.9829
2024-09-06,PM,1,0.5927
2024-09-06,TSLA,5,0.3003
2024-09-09,AAPL,73,0.41807534246575345
2024-09-09,AMZN,9,0.6573444444444445
2024-09-09,COST,87,0.40105862068965514
2024-09-09,GOOGL,30,0.3258233333333333
2024-09-09,HD,1,0.9321
2024-09-09,META,5,0.08882000000000001
2024-09-09,MSFT,8,0.6244125
2024-09-09,NVDA,4,0.60385
2024-09-09,PG,1,-0.1531
2024-09-09,TSLA,4,0.09415000000000001
2024-09-10,AAPL,91,0.33409780219780216
2024-09-10,AMZN,19,0.3994263157894737
2024-09-10,BRK.B,2,0.9703999999999999
2024-09-10,COST,40,0.348395
2024-09-10,GOOGL,45,0.3249288888888889
2024-09-10,META,15,0.3712066666666667
2024-09-10,MSFT,21,0.5657047619047619
2024-09-10,NVDA,7,0.7248571428571429
2024-09-10,TSLA,5,0.19824000000000003
2024-09-11,AAPL,30,0.4383066666666667
2024-09-11,AMZN,4,0.5412750000000001
2024-09-11,COST,41,0.41647317073170725
2024-09-11,GOOGL,14,0.2908
2024-09-11,KO,1,0.5545
2024-09-11,META,10,0.08415000000000002
2024-09-11,MSFT,9,0.16997777777777776
2024-09-11,TSLA,4,0.69775
2024-09-12,AAPL,34,0.4078323529411765
2024-09-12,AMZN,4,0.546875
2024-09-12,BRK.B,2,0.88575
2024-09-12,COST,49,0.45215714285714287
2024-09-12,GOOGL,12,0.4416166666666667
2024-09-12,META,4,0.2858
2024-09-12,MSFT,7,0.39530000000000004
2024-09-12,NVDA,3,-0.07690000000000001
2024-09-12,PG,2,0.9247000000000001
2024-09-12,PLTR,1,0.2732
2024-09-12,PM,1,0.5584
2024-09-12,TSLA,10,0.3425
2024-09-13,AAPL,23,0.36794782608695653
2024-09-13,AMZN,6,0.4007
2024-09-13,COST,37,0.23192972972972975
2024-09-13,GOOGL,14,0.35250714285714285
2024-09-13,META,6,0.5478333333333333
2024-09-13,MSFT,3,0.2776666666666667
2024-09-13,NVDA,3,0.3002
2024-09-13,PM,1,0.9848
2024-09-13,TSLA,9,0.5665222222222223
2024-09-16,AAPL,51,0.2972490196078431
2024-09-16,AMZN,35,0.26028285714285715
2024-09-16,COST,42,0.1651404761904762
2024-09-16,GOOGL,13,0.44026923076923075
2024-09-16,META,10,0.5428200000000001
2024-09-16,MSFT,16,0.41557499999999997
2024-09-16,NVDA,4,0.0704
2024-09-16,PG,1,0.9915
2024-09-16,PM,3,0.9129333333333333
2024-09-16,TSLA,4,0.257775
2024-09-17,AAPL,29,0.3945896551724138
2024-09-17,AMZN,22,0.5421590909090909
2024-09-17,COST,31,0.4979516129032258
2024-09-17,GOOGL,9,0.27332222222222224
2024-09-17,META,6,0.3555
2024-09-17,MSFT,12,0.05540833333333334
2024-09-17,NVDA,10,0.39414
2024-09-17,TSLA,4,0.09474999999999997
2024-09-18,AAPL,29,0.22716206896551724
2024-09-18,AMZN,12,0.13959999999999997
2024-09-18,COST,56,0.45814642857142857
2024-09-18,GOOGL,18,0.3966
2024-09-18,META,9,0.6107222222222223
2024-09-18,MSFT,6,0.31506666666666666
2024-09-18,NVDA,7,0.6747714285714286
2024-09-18,PM,2,-0.96925
2024-09-18,TSLA,15,0.29486666666666667
2024-09-19,AAPL,24,0.07254583333333332
2024-09-19,AMZN,4,0.19297499999999998
2024-09-19,COST,47,0.2824723404255319
2024-09-19,GOOGL,18,0.4646611111111111
2024-09-19,META,5,0.78376
2024-09-19,MSFT,4,0.100825
2024-09-19,NVDA,6,0.15278333333333333
2024-09-19,PG,2,0.9031499999999999
2024-09-19,PM,2,0.6980999999999999
2024-09-19,TSLA,6,0.29735
2024-09-20,AAPL,19,0.3106736842105263
2024-09-20,AMZN,8,0.6136625
2024-09-20,COST,44,0.18876136363636364
2024-09-20,GOOGL,16,0.129275
2024-09-20,META,6,0.31031666666666663
2024-09-20,MSFT,6,0.3423
2024-09-20,NVDA,1,0.9581
2024-09-20,TSLA,6,0.36378333333333335
2024-09-23,AAPL,51,0.41366078431372544
2024-09-23,AMZN,29,0.45295862068965514
2024-09-23,COST,57,0.4556280701754386
2024-09-23,GOOGL,23,0.3632391304347826
2024-09-23,KO,1,-0.3716
2024-09-23,META,5,0.57724
2024-09-23,MSFT,7,0.5589857142857143
2024-09-23,NVDA,1,-0.8334
2024-09-23,PM,2,0.4568
2024-09-23,TSLA,3,0.2736
2024-09-24,AAPL,28,0.18414285714285714
2024-09-24,AMZN,6,0.6921666666666666
2024-09-24,COST,37,0.40114054054054055
2024-09-24,GOOGL,23,0.20414347826086954
2024-09-24,HD,2,0.46
2024-09-24,META,6,0.69335
2024-09-24,MSFT,9,0.19956666666666667
2024-09-24,NVDA,3,0.37693333333333334
2024-09-24,PM,2,0.3592
2024-09-24,TSLA,1,0.5688
2024-09-25,AAPL,21,0.4900285714285714
2024-09-25,AMZN,10,0.19517
2024-09-25,COST,49,0.40018979591836734
2024-09-25,GOOGL,9,0.037099999999999994
2024-09-25,HD,3,0.5005999999999999
2024-09-25,META,10,0.43664000000000003
2024-09-25,MSFT,7,0.26799999999999996
2024-09-25,NVDA,1,0.7964
2024-09-25,TSLA,5,0.35207999999999995
2024-09-26,AAPL,20,0.51871
2024-09-26,AMZN,10,0.4131
2024-09-26,COST,47,0.23276808510638297
2024-09-26,GOOGL,18,0.28364999999999996
2024-09-26,HD,2,0.87685
2024-09-26,KO,1,0.2732
2024-09-26,META,17,0.17678235294117647
2024-09-26,MSFT,20,0.64957
2024-09-26,NVDA,5,0.30304
2024-09-26,PG,1,0.9961
2024-09-26,TSLA,13,0.03226923076923076
2024-09-27,AAPL,13,0.07713846153846154
2024-09-27,AMZN,15,0.5998066666666666
2024-09-27,COST,46,0.3778108695652174
2024-09-27,GOOGL,24,0.19675833333333334
2024-09-27,META,16,0.5169625
2024-09-27,MSFT,17,0.5198588235294118
2024-09-27,NVDA,10,0.7462500000000001
2024-09-27,PM,1,-0.8515
2024-09-27,TSLA,8,0.2962875
2024-09-30,AAPL,13,0.6842
2024-09-30,AMZN,10,0.30806
2024-09-30,COST,53,0.19507924528301887
2024-09-30,GOOGL,15,0.7969666666666666
2024-09-30,META,13,0.43414615384615385
2024-09-30,MSFT,19,0.5693947368421053
2024-09-30,NVDA,2,0.55135
2024-09-30,PG,3,0.7297666666666668
2024-09-30,TSLA,5,0.15799999999999997
2024-10-01,AAPL,20,0.26467999999999997
2024-10-01,AMZN,24,0.5657
2024-10-01,BRK.B,1,0.8885
2024-10-01,COST,63,0.3480857142857143
2024-10-01,GOOGL,31,0.34868387096774195
2024-10-01,HD,1,-0.755
2024-10-01,KO,2,0.61335
2024-10-01,META,13,0.35655384615384617
2024-10-01,MSFT,12,0.3993583333333333
2024-10-01,NVDA,10,0.76014
2024-10-01,PG,2,-0.15100000000000002
2024-10-01,PM,2,0.8968
2024-10-01,TSLA,6,0.39283333333333337
2024-10-02,AAPL,9,0.5446666666666666
2024-10-02,AMZN,6,0.44975000000000004
2024-10-02,COST,42,0.3725904761904762
2024-10-02,GOOGL,22,0.3199727272727273
2024-10-02,HD,1,-0.5267
2024-10-02,META,7,-0.08864285714285715
2024-10-02,MSFT,27,0.5334962962962964
2024-10-02,NVDA,3,0.316
2024-10-02,TSLA,4,0.2078
2024-10-03,AAPL,12,0.47761666666666663
2024-10-03,AMZN,13,0.5720307692307692
2024-10-03,COST,36,0.32687222222222223
2024-10-03,GOOGL,30,0.22808333333333333
2024-10-03,HD,2,0.0
2024-10-03,META,8,0.08869999999999999
2024-10-03,MSFT,21,0.48506190476190475
2024-10-03,NVDA,2,0.1901
2024-10-03,PG,1,0.9223
2024-10-03,PLTR,1,0.8093
2024-10-03,PM,1,0.6908
2024-10-03,TSLA,3,0.19256666666666666
2024-10-04,AAPL,12,0.48220833333333335
2024-10-04,AMZN,5,-0.33449999999999996
2024-10-04,COST,36,0.26787222222222223
2024-10-04,GOOGL,21,0.4295809523809524
2024-10-04,HD,1,0.881
2024-10-04,META,12,0.19599166666666668
2024-10-04,MSFT,8,0.05496249999999999
2024-10-04,NVDA,2,0.9277
2024-10-04,PG,1,0.836
2024-10-04,TSLA,7,0.1290857142857143
2024-10-07,AAPL,31,0.3638258064516129
2024-10-07,AMZN,15,0.3455133333333333
2024-10-07,COST,28,0.38740357142857146
2024-10-07,GOOGL,22,0.43330454545454544
2024-10-07,KO,1,-0.8671
2024-10-07,META,4,0.745925
2024-10-07,MSFT,3,0.22099999999999997
2024-10-07,NVDA,1,0.9403
2024-10-07,PLTR,1,0.1938
2024-10-07,PM,1,-0.6486
2024-10-07,TSLA,6,0.29971666666666663
2024-10-08,AAPL,42,0.3457928571428572
2024-10-08,AMZN,11,0.3302818181818182
2024-10-08,COST,26,0.3629807692307692
2024-10-08,GOOGL,18,0.37966666666666665
2024-10-08,HD,1,0.8462
2024-10-08,META,6,0.5259166666666667
2024-10-08,MSFT,12,0.43401666666666666
2024-10-08,NVDA,2,0.84355
2024-10-08,PG,1,0.2263
2024-10-08,TSLA,5,-0.37274
2024-10-09,AAPL,23,0.4203608695652174
2024-10-09,AMZN,10,0.24519000000000002
2024-10-09,COST,34,0.38071176470588236
2024-10-09,GOOGL,39,0.4573307692307692
2024-10-09,META,12,0.5675833333333333
2024-10-09,MSFT,7,0.23282857142857144
2024-10-09,NVDA,8,0.639
2024-10-09,TSLA,12,0.23802500000000001
2024-10-10,AAPL,23,0.36701304347826086
2024-10-10,AMZN,9,0.4452555555555555
2024-10-10,BRK.B,1,0.4327
2024-10-10,COST,40,0.33133500000000005
2024-10-10,GOOGL,37,0.5345459459459458
2024-10-10,HD,1,-0.5486
2024-10-10,META,9,0.15013333333333334
2024-10-10,MSFT,9,0.2273111111111111
2024-10-10,PM,3,0.7369
2024-10-10,TSLA,7,0.5394285714285714
2024-10-11,AAPL,11,0.08817272727272728
2024-10-11,AMZN,3,-0.06939999999999998
2024-10-11,COST,42,0.2776857142857143
2024-10-11,GOOGL,18,0.24366111111111108
2024-10-11,KO,1,-0.2853
2024-10-11,META,5,0.70034
2024-10-11,MSFT,9,0.3821222222222222
2024-10-11,NVDA,13,0.34647692307692307
2024-10-11,PM,1,0.9884
2024-10-11,TSLA,34,0.40479117647058827
2024-10-14,AAPL,10,0.52291
2024-10-14,AMZN,6,-0.32115
2024-10-14,COST,47,0.21944468085106383
2024-10-14,GOOGL,29,0.5666793103448277
2024-10-14,HD,3,0.2933333333333333
2024-10-14,META,7,0.5059
2024-10-14,MSFT,6,0.6361833333333333
2024-10-14,NVDA,5,0.33918
2024-10-14,PM,1,0.8385
2024-10-14,TSLA,6,0.41686666666666666
2024-10-15,AAPL,22,0.4215681818181818
2024-10-15,AMZN,7,0.6166
2024-10-15,COST,39,0.36754871794871796
2024-10-15,GOOGL,19,0.5862263157894736
2024-10-15,META,19,0.4186578947368421
2024-10-15,MSFT,9,0.4320222222222222
2024-10-15,NVDA,4,0.6643749999999999
2024-10-15,TSLA,20,0.383885
2024-10-16,AAPL,36,0.38755
2024-10-16,AMZN,17,0.2880705882352941
2024-10-16,COST,50,0.394226
2024-10-16,GOOGL,16,0.265575
2024-10-16,META,10,0.56315
2024-10-16,MSFT,7,0.06641428571428573
2024-10-16,NVDA,6,0.34793333333333337
2024-10-16,PLTR,6,0.5477666666666666
2024-10-16,TSLA,9,0.09751111111111109
2024-10-17,AAPL,21,0.3457047619047619
2024-10-17,AMZN,17,0.28209411764705883
2024-10-17,COST,27,0.26633703703703704
2024-10-17,GOOGL,22,0.3018590909090909
2024-10-17,KO,1,0.5267
2024-10-17,META,12,0.026475
2024-10-17,MSFT,6,0.33
2024-10-17,NVDA,1,-0.3071
2024-10-17,PLTR,5,0.03014000000000001
2024-10-17,PM,1,0.9973
2024-10-17,TSLA,12,0.5673166666666667
2024-10-18,AAPL,14,0.030492857142857138
2024-10-18,AMZN,7,0.3514714285714286
2024-10-18,COST,37,0.36063783783783787
2024-10-18,GOOGL,11,0.34697272727272727
2024-10-18,KO,1,0.0
2024-10-18,META,7,0.2668714285714286
2024-10-18,MSFT,10,0.43719
2024-10-18,NVDA,2,0.9531000000000001
2024-10-18,PG,1,-0.024
2024-10-18,PLTR,1,0.9061
2024-10-18,TSLA,4,0.690075
2024-10-21,AAPL,8,0.45485
2024-10-21,AMZN,11,0.4353181818181818
2024-10-21,COST,48,0.4363270833333333
2024-10-21,GOOGL,14,0.6449428571428572
2024-10-21,META,1,0.9781
2024-10-21,MSFT,20,0.356805
2024-10-21,NVDA,4,0.670875
2024-10-21,PG,2,0.5326
2024-10-21,PM,1,-0.6249
2024-10-21,TSLA,4,0.17285
2024-10-22,AAPL,19,0.47587894736842107
2024-10-22,AMZN,10,0.30021
2024-10-22,BRK.B,1,0.9577
2024-10-22,COST,34,0.25916764705882356
2024-10-22,GOOGL,9,0.34492222222222224
2024-10-22,META,1,0.3406
2024-10-22,MSFT,5,0.5616399999999999
2024-10-22,TSLA,16,-0.04765625
2024-10-23,AAPL,65,0.3210707692307692
2024-10-23,AMZN,7,0.40385714285714286
2024-10-23,COST,40,0.43577750000000004
2024-10-23,GOOGL,14,0.3600214285714286
2024-10-23,META,14,0.4377
2024-10-23,MSFT,5,0.77312
2024-10-23,NVDA,5,0.54934
2024-10-23,PM,1,0.8853
2024-10-23,TSLA,7,0.2132857142857143
2024-10-24,AAPL,38,0.23066842105263158
2024-10-24,AMZN,8,0.55
2024-10-24,COST,37,0.44610810810810814
2024-10-24,GOOGL,13,0.24482307692307692
2024-10-24,META,4,0.4285
2024-10-24,MSFT,7,-0.1146857142857143
2024-10-24,NVDA,6,0.43178333333333335
2024-10-24,TSLA,20,0.48308999999999996
2024-10-25,AAPL,25,0.545704
2024-10-25,AMZN,4,-0.17495
2024-10-25,BRK.B,1,0.9422
2024-10-25,COST,35,0.36334285714285713
2024-10-25,GOOGL,21,0.322047619047619
2024-10-25,META,5,0.2081
2024-10-25,MSFT,6,0.31293333333333334
2024-10-25,NVDA,2,-0.09744999999999998
2024-10-25,TSLA,14,0.05637857142857143
2024-10-28,AAPL,71,0.44154507042253527
2024-10-28,AMZN,9,0.6644888888888889
2024-10-28,BRK.B,2,0.6212
2024-10-28,COST,42,0.4411309523809524
2024-10-28,GOOGL,18,0.3083944444444444
2024-10-28,HD,1,0.6397
2024-10-28,META,9,0.6425111111111111
2024-10-28,MSFT,16,0.49708125000000003
2024-10-28,NVDA,3,0.6068666666666667
2024-10-28,TSLA,8,0.3107125
2024-10-29,AAPL,67,0.2725865671641791
2024-10-29,AMZN,8,0.578575
2024-10-29,BRK.B,1,0.539
2024-10-29,COST,27,0.3259962962962963
2024-10-29,GOOG,1,0.5095
2024-10-29,GOOGL,21,0.19770476190476188
2024-10-29,META,9,0.45598888888888894
2024-10-29,MSFT,37,0.2969216216216216
2024-10-29,NVDA,6,0.2500166666666667
2024-10-29,TSLA,8,0.2761125
2024-10-30,AAPL,78,0.3753576923076923
2024-10-30,AMZN,6,-0.05028333333333332
2024-10-30,COST,58,0.5532586206896551
2024-10-30,GOOGL,28,0.18616428571428573
2024-10-30,KO,1,0.9656
2024-10-30,META,6,0.3340166666666667
2024-10-30,MSFT,11,0.5987727272727272
2024-10-30,NVDA,14,0.4920857142857143
2024-10-30,TSLA,17,0.1223941176470588
2024-10-31,AAPL,27,0.3028518518518518
2024-10-31,AMZN,5,0.39055999999999996
2024-10-31,COST,39,0.38561282051282053
2024-10-31,GOOGL,43,0.3313488372093023
2024-10-31,META,5,0.5412399999999999
2024-10-31,MSFT,11,0.025645454545454558
2024-10-31,NVDA,5,0.33784000000000003
2024-10-31,TSLA,6,0.13216666666666668
2024-11-01,AAPL,62,0.4165935483870968
2024-11-01,AMZN,8,0.5528000000000001
2024-11-01,BRK.B,2,0.19720000000000001
2024-11-01,COST,34,0.4821529411764706
2024-11-01,GOOGL,28,0.4185
2024-11-01,KO,1,0.9584
2024-11-01,META,14,0.5892785714285714
2024-11-01,MSFT,18,0.44628888888888896
2024-11-01,NVDA,7,0.5485285714285714
2024-11-01,PM,2,0.73045
2024-11-01,TSLA,6,0.3136666666666667
2024-11-04,AAPL,7,0.5266714285714286
2024-11-04,AMZN,4,0.5803750000000001
2024-11-04,COST,38,0.32370263157894735
2024-11-04,GOOGL,12,0.25676666666666664
2024-11-04,META,2,0.6053
2024-11-04,MSFT,9,0.6342888888888889
2024-11-04,NVDA,2,0.20855
2024-11-04,PM,1,-0.8433
2024-11-04,TSLA,1,0.0754
2024-11-05,AAPL,7,0.3825142857142857
2024-11-05,AMZN,5,0.07506
2024-11-05,COST,41,0.2669634146341463
2024-11-05,GOOGL,10,0.17101000000000002
2024-11-05,HD,1,0.8739
2024-11-05,META,3,0.6545666666666666
2024-11-05,MSFT,5,0.30354000000000003
2024-11-05,NVDA,5,-0.14128
2024-11-05,TSLA,3,0.6282666666666666
2024-11-06,AAPL,23,0.515695652173913
2024-11-06,AMZN,13,0.5531615384615385
2024-11-06,COST,70,0.24891285714285713
2024-11-06,GOOGL,15,0.3970066666666667
2024-11-06,KO,1,-0.7351
2024-11-06,META,6,0.47314999999999996
2024-11-06,MSFT,2,0.4747
2024-11-06,NVDA,17,0.4101470588235294
2024-11-06,TSLA,13,0.25411538461538463
2024-11-07,AAPL,30,0.42472
2024-11-07,AMZN,9,0.149
2024-11-07,BRK.B,1,0.8676
2024-11-07,COST,45,0.5165244444444445
2024-11-07,GOOGL,19,0.19151052631578946
2024-11-07,KO,2,-0.3399
2024-11-07,META,11,0.5917727272727272
2024-11-07,MSFT,6,0.24271666666666666
2024-11-07,NVDA,10,0.4561
2024-11-07,TSLA,6,0.5262333333333333
2024-11-08,AAPL,31,0.33440000000000003
2024-11-08,COST,28,0.42096071428571424
2024-11-08,GOOGL,14,0.44415
2024-11-08,HD,1,0.1027
2024-11-08,KO,1,0.7906
2024-11-08,META,6,0.5415166666666666
2024-11-08,MSFT,6,0.15895
2024-11-08,NVDA,1,0.9832
2024-11-08,TSLA,6,-0.6004666666666667
2024-11-11,AAPL,8,0.33005
2024-11-11,AMZN,3,0.5467666666666666
2024-11-11,COST,25,0.169968
2024-11-11,GOOGL,19,0.4452157894736842
2024-11-11,META,3,0.7234666666666666
2024-11-11,MSFT,2,0.9260999999999999
2024-11-11,NVDA,2,0.47785
2024-11-11,TSLA,1,-0.8126
2024-11-12,AAPL,35,0.2888257142857143
2024-11-12,AMZN,8,0.6168625
2024-11-12,COST,24,0.4738166666666666
2024-11-12,GOOGL,17,0.2687705882352941
2024-11-12,META,3,0.37553333333333333
2024-11-12,MSFT,12,0.335825
2024-11-12,NVDA,3,0.2942333333333333
2024-11-12,TSLA,5,-0.03866000000000001
2024-11-13,AAPL,44,0.6298772727272728
2024-11-13,AMZN,12,0.47539166666666666
2024-11-13,COST,44,0.33082727272727275
2024-11-13,GOOGL,22,0.5559272727272727
2024-11-13,KO,1,0.5187
2024-11-13,META,8,0.06504999999999998
2024-11-13,MSFT,4,0.680525
2024-11-13,NVDA,5,0.6008600000000001
2024-11-13,PG,1,0.0
2024-11-13,TSLA,13,0.17563846153846155
2024-11-14,AAPL,13,0.5986769230769231
2024-11-14,AMZN,12,0.6164166666666667
2024-11-14,COST,32,0.23745
2024-11-14,GOOGL,24,0.6843041666666667
2024-11-14,META,43,0.22194418604651162
2024-11-14,MSFT,7,0.4079285714285715
2024-11-14,NVDA,2,0.17455000000000004
2024-11-14,PM,1,0.9606
2024-11-14,TSLA,9,-0.15394444444444444
2024-11-15,AAPL,6,0.41778333333333334
2024-11-15,AMZN,4,0.1799
2024-11-15,BRK.B,1,0.9987
2024-11-15,COST,21,0.47351428571428567
2024-11-15,GOOGL,12,0.4776416666666667
2024-11-15,META,9,-0.055244444444444436
2024-11-15,MSFT,11,0.1549818181818182
2024-11-15,NVDA,3,0.4172
2024-11-15,PLTR,1,0.7783
2024-11-15,TSLA,13,-0.017007692307692328
2024-11-18,AAPL,23,0.38420000000000004
2024-11-18,AMZN,4,0.9463
2024-11-18,COST,64,0.40895312500000003
2024-11-18,GOOGL,32,0.47099375
2024-11-18,META,2,0.8527
2024-11-18,MSFT,11,0.3589818181818182
2024-11-18,NVDA,4,0.489425
2024-11-18,PM,1,0.9745
2024-11-18,TSLA,15,0.44122000000000006
2024-11-19,AAPL,50,0.07471999999999998
2024-11-19,AMZN,7,0.4384
2024-11-19,COST,31,0.4614258064516129
2024-11-19,GOOGL,83,0.3375542168674699
2024-11-19,KO,1,-0.567
2024-11-19,META,4,0.79525
2024-11-19,MSFT,18,0.5215666666666666
2024-11-19,NVDA,5,0.26136
2024-11-19,TSLA,7,-0.13037142857142855
2024-11-20,AAPL,14,0.3908142857142857
2024-11-20,AMZN,3,0.5213666666666666
2024-11-20,COST,36,0.5658055555555556
2024-11-20,GOOG,2,0.64955
2024-11-20,GOOGL,10,0.18797999999999998
2024-11-20,KO,3,0.4330333333333334
2024-11-20,META,8,0.588575
2024-11-20,MSFT,9,0.39555555555555555
2024-11-20,NVDA,4,0.9363
2024-11-20,PM,1,0.9919
2024-11-20,TSLA,10,0.60744
2024-11-21,AAPL,28,0.29845357142857143
2024-11-21,AMZN,7,0.5000142857142856
2024-11-21,COST,47,0.3953234042553192
2024-11-21,GOOGL,25,0.186444
2024-11-21,KO,1,0.8695
2024-11-21,META,1,0.4329
2024-11-21,MSFT,7,0.5357571428571429
2024-11-21,NVDA,1,0.0129
2024-11-21,TSLA,10,0.12613000000000002
2024-11-22,AAPL,17,0.28957058823529414
2024-11-22,AMZN,15,0.47004666666666667
2024-11-22,COST,27,0.49151111111111107
2024-11-22,GOOGL,27,0.5382111111111111
2024-11-22,META,4,0.272025
2024-11-22,MSFT,9,0.719
2024-11-22,NVDA,5,0.72652
2024-11-22,TSLA,3,-0.5263333333333333
2024-11-25,AAPL,15,0.4615933333333333
2024-11-25,AMZN,5,0.54972
2024-11-25,BRK.B,2,0.4817
2024-11-25,COST,39,0.3802128205128205
2024-11-25,GOOGL,8,0.38387499999999997
2024-11-25,KO,1,0.34
2024-11-25,META,5,0.41644000000000003
2024-11-25,MSFT,8,0.15118750000000003
2024-11-25,NVDA,2,0.7274499999999999
2024-11-25,TSLA,17,0.43983529411764705
2024-11-26,AAPL,12,0.24289166666666664
2024-11-26,AMZN,1,0.969
2024-11-26,COST,45,0.28563555555555553
2024-11-26,GOOG,1,-0.5011
2024-11-26,GOOGL,19,0.25059473684210526
2024-11-26,KO,2,0.04354999999999998
2024-11-26,META,2,0.5289
2024-11-26,MSFT,8,0.6995
2024-11-26,NVDA,3,0.3055333333333333
2024-11-26,PM,1,0.6908
2024-11-26,TSLA,10,0.45770999999999995
2024-11-27,AAPL,15,0.41474
2024-11-27,AMZN,8,0.534725
2024-11-27,COST,31,-0.01232580645161291
2024-11-27,GOOGL,12,0.20067500000000002
2024-11-27,HD,3,0.9788666666666667
2024-11-27,KO,8,0.4125625
2024-11-27,META,10,0.28408
2024-11-27,MSFT,3,0.8486666666666668
2024-11-27,NVDA,1,0.9639
2024-11-27,PLTR,1,0.9826
2024-11-27,TSLA,15,0.4067933333333333
2024-11-29,AAPL,17,0.30348823529411767
2024-11-29,AMZN,8,0.38605
2024-11-29,COST,48,0.37385208333333336
2024-11-29,GOOGL,5,0.33446
2024-11-29,HD,1,0.8746
2024-11-29,KO,1,0.9721
2024-11-29,META,3,0.2649
2024-11-29,MSFT,2,0.7594
2024-11-29,NVDA,2,0.82385
2024-11-29,TSLA,3,0.08863333333333334
2024-12-02,AAPL,27,0.4339148148148148
2024-12-02,AMZN,8,0.4100875
2024-12-02,COST,45,0.4946244444444444
2024-12-02,GOOGL,18,0.5461277777777778
2024-12-02,META,9,0.5290666666666666
2024-12-02,MSFT,2,0.97125
2024-12-02,NVDA,26,0.5143769230769231
2024-12-02,PM,2,0.92445
2024-12-02,TSLA,3,0.6917666666666666
2024-12-03,AAPL,15,0.34854666666666667
2024-12-03,AMZN,8,0.5583625
2024-12-03,COST,59,0.36609491525423726
2024-12-03,GOOGL,29,0.6288724137931034
2024-12-03,HD,1,0.9505
2024-12-03,KO,2,-0.46495000000000003
2024-12-03,META,15,0.3838
2024-12-03,MSFT,10,0.8592000000000001
2024-12-03,NVDA,27,0.31939999999999996
2024-12-03,PG,1,0.9548
2024-12-03,PLTR,1,0.9217
2024-12-03,PM,2,0.41035
2024-12-03,TSLA,10,0.40548
2024-12-04,AAPL,9,0.30007777777777783
2024-12-04,AMZN,5,0.54362
2024-12-04,COST,54,0.32865370370370367
2024-12-04,GOOGL,22,0.1396409090909091
2024-12-04,META,4,0.376075
2024-12-04,MSFT,4,0.681275
2024-12-04,NVDA,17,0.4460176470588235
2024-12-04,PM,2,0.9284
2024-12-04,TSLA,5,0.43461999999999995
2024-12-05,AAPL,10,0.37263999999999997
2024-12-05,AMZN,4,0.894525
2024-12-05,COST,80,0.202705
2024-12-05,GOOG,1,0.636
2024-12-05,GOOGL,21,0.36998095238095235
2024-12-05,HD,1,-0.7448
2024-12-05,META,9,0.46698888888888884
2024-12-05,MSFT,11,0.1973818181818182
2024-12-05,NVDA,3,0.15923333333333334
2024-12-05,PG,1,-0.6782
2024-12-05,PLTR,1,0.6486
2024-12-05,PM,2,-0.12425000000000003
2024-12-05,TSLA,11,0.39883636363636366
2024-12-06,AAPL,19,0.3190157894736842
2024-12-06,AMZN,6,0.4436
2024-12-06,COST,51,0.3085705882352941
2024-12-06,GOOGL,21,0.2633761904761905
2024-12-06,KO,1,0.9534
2024-12-06,META,9,0.3325555555555556
2024-12-06,MSFT,17,0.4688352941176471
2024-12-06,NVDA,9,0.46236666666666665
2024-12-06,PM,1,0.8376
2024-12-06,TSLA,13,0.6217769230769231
2024-12-09,AAPL,12,0.5894
2024-12-09,AMZN,5,0.59584
2024-12-09,BRK.B,1,-0.5588
2024-12-09,COST,42,0.48023095238095237
2024-12-09,GOOGL,16,0.04240000000000001
2024-12-09,HD,1,0.5859
2024-12-09,META,10,0.55613
2024-12-09,MSFT,5,-0.23115999999999998
2024-12-09,NVDA,17,0.04849999999999999
2024-12-09,PM,1,0.9312
2024-12-09,TSLA,5,-0.01639999999999999
2024-12-10,AAPL,14,0.6585214285714286
2024-12-10,AMZN,11,0.6164363636363637
2024-12-10,COST,51,0.2685313725490196
2024-12-10,GOOGL,18,0.3397555555555556
2024-12-10,KO,2,0.21039999999999998
2024-12-10,META,9,0.8075222222222221
2024-12-10,MSFT,5,0.01572
2024-12-10,NVDA,3,-0.16176666666666664
2024-12-10,TSLA,5,0.24172000000000002
2024-12-11,AAPL,18,0.6037333333333333
2024-12-11,AMZN,17,0.6344470588235295
2024-12-11,COST,44,0.41546136363636366
2024-12-11,GOOGL,40,0.37357
2024-12-11,META,6,0.5757
2024-12-11,MSFT,5,0.16138000000000002
2024-12-11,NVDA,3,-0.16893333333333335
2024-12-11,TSLA,25,0.376196
2024-12-12,AAPL,24,0.4072
2024-12-12,AMZN,4,0.26427500000000004
2024-12-12,COST,22,0.48498636363636366
2024-12-12,GOOG,1,0.34
2024-12-12,GOOGL,17,0.5327176470588235
2024-12-12,META,8,0.481175
2024-12-12,MSFT,13,0.49820000000000003
2024-12-12,NVDA,12,0.3671416666666667
2024-12-12,TSLA,7,0.4245
2024-12-13,AAPL,5,0.6376799999999999
2024-12-13,AMZN,5,-0.0395
2024-12-13,COST,39,0.3135871794871795
2024-12-13,GOOGL,8,0.6505625
2024-12-13,KO,1,0.8301
2024-12-13,META,3,0.7106666666666666
2024-12-13,MSFT,7,0.22552857142857144
2024-12-13,NVDA,2,0.3773
2024-12-13,PM,2,-0.07945000000000002
2024-12-13,TSLA,19,0.19192105263157894
2024-12-16,AAPL,36,0.3628111111111111
2024-12-16,AMZN,14,0.5763285714285714
2024-12-16,COST,47,0.17086382978723405
2024-12-16,GOOGL,12,0.32159166666666666
2024-12-16,META,6,0.40009999999999996
2024-12-16,MSFT,7,-0.11432857142857143
2024-12-16,NVDA,12,0.068575
2024-12-16,PLTR,1,0.9077
2024-12-16,PM,1,0.8047
2024-12-16,TSLA,3,0.39463333333333334
2024-12-17,AAPL,15,0.2427133333333333
2024-12-17,AMZN,8,0.5399375
2024-12-17,COST,37,0.5253108108108108
2024-12-17,GOOGL,7,0.2715
2024-12-17,HD,1,-0.7024
2024-12-17,META,8,0.3014625
2024-12-17,MSFT,13,0.23166923076923077
2024-12-17,NVDA,4,0.311525
2024-12-17,PM,1,0.0366
2024-12-17,TSLA,1,0.8933
2024-12-18,AAPL,5,0.31626000000000004
2024-12-18,AMZN,11,0.40557272727272725
2024-12-18,COST,41,0.20250731707317077
2024-12-18,GOOGL,19,0.1376736842105263
2024-12-18,HD,1,0.9863
2024-12-18,META,3,0.3084666666666666
2024-12-18,MSFT,7,0.5510142857142857
2024-12-18,NVDA,6,0.027850000000000003
2024-12-18,TSLA,6,0.15676666666666667
2024-12-19,AAPL,35,0.32298
2024-12-19,AMZN,61,0.3831983606557377
2024-12-19,COST,40,0.24714999999999998
2024-12-19,GOOGL,15,0.2951
2024-12-19,HD,2,-0.046550000000000036
2024-12-19,META,8,0.4603375
2024-12-19,MSFT,5,0.38645999999999997
2024-12-19,NVDA,2,0.95445
2024-12-19,TSLA,5,0.06596
2024-12-20,AAPL,22,0.45881363636363637
2024-12-20,AMZN,12,0.507775
2024-12-20,COST,50,0.466746
2024-12-20,GOOGL,17,0.43713529411764707
2024-12-20,META,4,0.4643
2024-12-20,MSFT,4,-0.03512500000000002
2024-12-20,TSLA,2,0.6184000000000001
2024-12-23,AAPL,20,0.21048999999999998
2024-12-23,AMZN,10,0.37376
2024-12-23,COST,44,0.4765931818181818
2024-12-23,GOOGL,26,0.31563846153846153
2024-12-23,KO,1,-0.6117
2024-12-23,META,6,0.18006666666666668
2024-12-23,MSFT,4,0.830675
2024-12-23,NVDA,9,0.4272111111111111
2024-12-23,PLTR,2,0.1528
2024-12-23,PM,1,0.4404
2024-12-23,TSLA,7,0.28112857142857145
2024-12-24,AAPL,17,0.2647176470588235
2024-12-24,AMZN,5,0.53442
2024-12-24,BRK.B,1,0.0
2024-12-24,COST,40,0.2172225
2024-12-24,GOOGL,8,0.07163749999999999
2024-12-24,META,3,0.6962666666666667
2024-12-24,MSFT,1,0.9856
2024-12-24,NVDA,12,0.06415
2024-12-24,PG,1,-0.5399
2024-12-24,PM,2,0.2097
2024-12-24,TSLA,5,0.008400000000000008
2024-12-26,AAPL,4,-0.66705
2024-12-26,AMZN,1,0.9974
2024-12-26,BRK.B,1,-0.8389
2024-12-26,COST,21,0.3756952380952381
2024-12-26,GOOGL,7,0.7418000000000001
2024-12-26,MSFT,3,0.0582
2024-12-26,NVDA,2,0.59035
2024-12-26,PG,1,0.296
2024-12-26,TSLA,5,0.32264
2024-12-27,AAPL,5,0.46769999999999995
2024-12-27,AMZN,5,0.82172
2024-12-27,COST,21,0.24682380952380953
2024-12-27,GOOGL,16,0.156
2024-12-27,META,6,0.7108833333333333
2024-12-27,MSFT,13,0.6282076923076924
2024-12-27,NVDA,2,0.04404999999999999
2024-12-27,PM,1,-0.5174
2024-12-27,TSLA,17,0.413035294117647
2024-12-30,AAPL,29,0.1486310344827586
2024-12-30,AMZN,22,0.4116909090909091
2024-12-30,COST,72,0.38000972222222223
2024-12-30,GOOGL,25,0.32252000000000003
2024-12-30,KO,2,0.5304
2024-12-30,META,11,0.7208181818181818
2024-12-30,MSFT,6,0.4696833333333334
2024-12-30,NVDA,2,0.6614
2024-12-30,PG,1,-0.3612
2024-12-30,PM,1,0.8319
2024-12-30,TSLA,10,0.63938
2024-12-31,AAPL,19,0.3632263157894737
2024-12-31,AMZN,4,0.252075
2024-12-31,BRK.B,1,0.8919
2024-12-31,COST,34,0.45069117647058826
2024-12-31,GOOGL,28,0.117675
2024-12-31,HD,1,0.9431
2024-12-31,META,12,0.63945
2024-12-31,MSFT,7,0.21862857142857142
2024-12-31,NVDA,3,0.38536666666666664
2024-12-31,PM,1,0.9656
2024-12-31,TSLA,12,0.16403333333333334
2025-01-02,AAPL,25,0.450172
2025-01-02,AMZN,18,0.3116888888888889
2025-01-02,COST,41,0.14111219512195122
2025-01-02,GOOG,1,0.2462
2025-01-02,GOOGL,18,0.6928388888888889
2025-01-02,META,16,0.67165
2025-01-02,MSFT,22,0.5459454545454545
2025-01-02,NVDA,2,0.6004
2025-01-02,PLTR,1,0.8873
2025-01-02,PM,2,0.71065
2025-01-02,TSLA,38,0.29357105263157895
2025-01-03,AAPL,15,0.3268466666666666
2025-01-03,AMZN,9,0.22325555555555557
2025-01-03,COST,32,0.34540625
2025-01-03,GOOGL,22,0.4595636363636364
2025-01-03,META,7,0.5538714285714286
2025-01-03,MSFT,13,0.4271615384615385
2025-01-03,NVDA,2,0.9697
2025-01-03,PM,2,0.59555
2025-01-03,TSLA,18,0.2166611111111111
2025-01-06,AAPL,46,0.26365
2025-01-06,AMZN,7,0.5643714285714285
2025-01-06,COST,36,0.2635388888888889
2025-01-06,GOOGL,11,0.27936363636363637
2025-01-06,META,12,0.132325
2025-01-06,MSFT,14,0.5718285714285714
2025-01-06,NVDA,1,0.9418
2025-01-06,PM,1,0.6486
2025-01-06,TSLA,7,0.2883428571428572
2025-01-07,AAPL,26,0.48370384615384615
2025-01-07,AMZN,13,0.7414538461538461
2025-01-07,COST,52,0.23268653846153847
2025-01-07,GOOGL,21,0.09708095238095238
2025-01-07,META,17,0.36811176470588236
2025-01-07,MSFT,16,0.16694375
2025-01-07,NVDA,56,0.45768392857142853
2025-01-07,TSLA,5,0.08814000000000001
2025-01-08,AAPL,20,0.324515
2025-01-08,AMZN,5,0.2431
2025-01-08,COST,43,0.31097906976744183
2025-01-08,GOOGL,14,0.5710642857142857
2025-01-08,KO,1,0.8884
2025-01-08,META,15,0.1941
2025-01-08,MSFT,5,0.28914
2025-01-08,NVDA,10,0.46758
2025-01-08,PG,1,0.7906
2025-01-08,PM,1,0.7964
2025-01-08,TSLA,2,0.19935000000000003
2025-01-10,AAPL,20,0.28251
2025-01-10,AMZN,5,0.7541399999999999
2025-01-10,COST,30,0.39927666666666667
2025-01-10,GOOGL,31,0.4267935483870968
2025-01-10,KO,1,-0.7476
2025-01-10,META,18,0.15753333333333333
2025-01-10,MSFT,7,0.10527142857142857
2025-01-10,NVDA,3,0.37790000000000007
2025-01-10,PM,1,-0.5048
2025-01-10,TSLA,7,0.8766714285714287
2025-01-13,AAPL,28,0.30203571428571424
2025-01-13,AMZN,3,0.02733333333333336
2025-01-13,BRK.B,2,0.0
2025-01-13,COST,46,0.34385217391304346
2025-01-13,GOOGL,16,0.29733125
2025-01-13,KO,2,0.76955
2025-01-13,META,18,0.3483833333333333
2025-01-13,MSFT,6,0.5159666666666667
2025-01-13,NVDA,6,0.3827833333333333
2025-01-13,PM,2,0.61155
2025-01-13,TSLA,8,0.037312500000000005
2025-01-14,AAPL,25,0.343036
2025-01-14,AMZN,7,0.4400857142857143
2025-01-14,COST,71,0.2587239436619718
2025-01-14,GOOGL,26,0.43978076923076925
2025-01-14,KO,3,0.12216666666666663
2025-01-14,META,12,0.41533333333333333
2025-01-14,MSFT,5,0.7531800000000001
2025-01-14,NVDA,5,0.45246
2025-01-14,PM,2,-0.23365
2025-01-14,TSLA,28,0.27963571428571427
2025-01-15,AAPL,20,0.09237500000000001
2025-01-15,AMZN,5,0.046680000000000034
2025-01-15,COST,70,0.3903471428571429
2025-01-15,GOOGL,36,0.2233777777777778
2025-01-15,KO,6,-0.11495
2025-01-15,META,19,0.24812105263157894
2025-01-15,MSFT,9,0.3021888888888889
2025-01-15,NVDA,3,0.8161333333333333
2025-01-15,TSLA,6,0.6900499999999999
2025-01-16,AAPL,45,0.2738288888888889
2025-01-16,AMZN,7,0.4345857142857143
2025-01-16,BRK.B,2,0.34505
2025-01-16,COST,63,0.3018571428571428
2025-01-16,GOOGL,17,0.14584117647058822
2025-01-16,META,6,0.2672833333333333
2025-01-16,MSFT,19,0.32742105263157895
2025-01-16,NVDA,9,0.3489555555555556
2025-01-16,TSLA,11,0.2610181818181818
2025-01-17,AAPL,28,0.25768928571428573
2025-01-17,AMZN,4,0.93335
2025-01-17,BRK.B,1,0.948
2025-01-17,COST,83,0.25197831325301207
2025-01-17,GOOGL,18,0.002877777777777769
2025-01-17,META,13,0.20413846153846157
2025-01-17,MSFT,6,0.3346
2025-01-17,NVDA,2,0.61385
2025-01-17,PM,1,0.6597
2025-01-17,TSLA,9,0.5133888888888889
2025-01-21,AAPL,24,0.3208125
2025-01-21,AMZN,8,0.4679
2025-01-21,BRK.B,1,0.743
2025-01-21,COST,31,0.4193774193548387
2025-01-21,GOOGL,23,0.46936086956521733
2025-01-21,KO,1,0.4019
2025-01-21,META,22,0.39719090909090915
2025-01-21,MSFT,7,0.02017142857142857
2025-01-21,NVDA,8,0.2354
2025-01-21,PG,6,0.30305
2025-01-21,PLTR,1,-0.2023
2025-01-21,TSLA,16,0.49608125000000003
2025-01-22,AAPL,4,0.122975
2025-01-22,AMZN,10,0.66064
2025-01-22,COST,33,0.3450303030303031
2025-01-22,GOOGL,16,0.476
2025-01-22,HD,2,0.6769000000000001
2025-01-22,KO,2,0.11175
2025-01-22,META,11,0.21306363636363637
2025-01-22,MSFT,13,0.2714076923076923
2025-01-22,NVDA,4,0.6936
2025-01-22,PM,2,0.10799999999999998
2025-01-22,TSLA,9,0.3370666666666666
2025-01-23,AAPL,6,-0.09096666666666668
2025-01-23,AMZN,8,0.5902375
2025-01-23,COST,36,0.6122972222222223
2025-01-23,GOOGL,21,0.29679047619047616
2025-01-23,META,9,0.2445666666666667
2025-01-23,MSFT,6,0.21208333333333332
2025-01-23,NVDA,1,0.0
2025-01-23,PM,1,0.8885
2025-01-23,TSLA,7,0.3785428571428571
2025-01-24,AAPL,8,0.16533749999999997
2025-01-24,AMZN,15,0.17083333333333334
2025-01-24,COST,14,0.3448428571428571
2025-01-24,GOOGL,12,0.32658333333333334
2025-01-24,HD,1,-0.4943
2025-01-24,KO,1,0.8739
2025-01-24,META,7,0.2275857142857143
2025-01-24,MSFT,5,0.45099999999999996
2025-01-24,TSLA,6,0.15591666666666668
2025-01-27,AAPL,34,0.4068705882352941
2025-01-27,AMZN,8,0.7657625
2025-01-27,COST,48,0.35214999999999996
2025-01-27,GOOG,1,-0.2732
2025-01-27,GOOGL,20,0.68163
2025-01-27,KO,1,0.0
2025-01-27,META,13,0.4470692307692307
2025-01-27,MSFT,25,0.272232
2025-01-27,NVDA,93,0.25639247311827956
2025-01-27,PLTR,1,0.0
2025-01-27,PM,1,0.9818
2025-01-27,TSLA,11,0.32234545454545455
2025-01-28,AAPL,34,0.3327264705882353
2025-01-28,AMZN,4,0.561975
2025-01-28,COST,59,0.22979152542372883
2025-01-28,GOOGL,18,0.4791666666666667
2025-01-28,KO,1,-0.872
2025-01-28,META,15,0.2727333333333333
2025-01-28,MSFT,12,0.684975
2025-01-28,NVDA,94,0.45968829787234045
2025-01-28,TSLA,5,0.31784
2025-01-29,AAPL,27,0.4913296296296296
2025-01-29,AMZN,12,0.2946416666666667
2025-01-29,BRK.B,1,-0.704
2025-01-29,COST,55,0.4669236363636364
2025-01-29,GOOGL,25,0.290488
2025-01-29,META,14,0.1950285714285714
2025-01-29,MSFT,16,0.20175625000000003
2025-01-29,NVDA,45,0.47247777777777783
2025-01-29,PLTR,1,0.4981
2025-01-29,TSLA,11,0.4550363636363636
2025-01-30,AAPL,8,0.6253125
2025-01-30,AMZN,12,0.45400833333333335
2025-01-30,COST,24,0.21220416666666667
2025-01-30,GOOGL,14,0.41250714285714285
2025-01-30,META,25,0.447712
2025-01-30,MSFT,11,0.44323636363636365
2025-01-30,NVDA,15,0.03496
2025-01-30,PG,1,0.4019
2025-01-30,PLTR,1,-0.1779
2025-01-30,TSLA,19,0.18768947368421052
2025-01-31,AAPL,36,0.27216111111111113
2025-01-31,AMZN,3,-0.14260000000000003
2025-01-31,COST,35,0.2285457142857143
2025-01-31,GOOGL,12,0.5078416666666666
2025-01-31,KO,2,-0.06034999999999996
2025-01-31,META,11,0.3446636363636364
2025-01-31,MSFT,1,0.429
2025-01-31,NVDA,8,0.5868
2025-01-31,PLTR,1,-0.781
2025-01-31,TSLA,25,0.348632
2025-02-03,AAPL,12,0.20732499999999998
2025-02-03,AMZN,7,0.4084285714285714
2025-02-03,COST,26,0.3036615384615385
2025-02-03,GOOGL,26,0.5796769230769231
2025-02-03,META,12,0.58885
2025-02-03,MSFT,9,0.8387222222222221
2025-02-03,NVDA,4,0.021900000000000017
2025-02-03,PM,1,0.4939
2025-02-03,TSLA,23,0.39798695652173915
2025-02-04,AAPL,37,0.3049027027027027
2025-02-04,AMZN,9,0.37601111111111113
2025-02-04,BRK.B,3,0.5473333333333333
2025-02-04,COST,57,0.3017157894736842
2025-02-04,GOOGL,32,0.389715625
2025-02-04,META,17,0.25218235294117647
2025-02-04,MSFT,24,0.15615
2025-02-04,NVDA,4,0.279075
2025-02-04,PG,1,0.8716
2025-02-04,TSLA,21,0.4520904761904762
2025-02-05,AAPL,22,0.3548727272727273
2025-02-05,AMZN,17,0.3406882352941177
2025-02-05,COST,69,0.2915869565217391
2025-02-05,GOOGL,43,0.3179093023255814
2025-02-05,META,6,0.56825
2025-02-05,MSFT,13,0.055892307692307686
2025-02-05,NVDA,6,0.2499
2025-02-05,PG,2,0.84675
2025-02-05,PM,1,0.9829
2025-02-05,TSLA,30,0.3051433333333333
2025-02-06,AAPL,10,0.21213
2025-02-06,AMZN,1,0.3313
2025-02-06,COST,32,0.408334375
2025-02-06,GOOGL,12,0.5593
2025-02-06,KO,1,0.9024
2025-02-06,META,4,0.36095
2025-02-06,MSFT,4,0.461925
2025-02-06,NVDA,2,0.00605
2025-02-06,TSLA,22,0.06159090909090909
2025-02-07,AAPL,40,0.0614975
2025-02-07,AMZN,16,0.52878125
2025-02-07,COST,33,0.17311212121212122
2025-02-07,GOOGL,14,0.34435714285714286
2025-02-07,META,17,0.17649411764705883
2025-02-07,MSFT,4,-0.09697499999999999
2025-02-07,NVDA,3,0.5581333333333333
2025-02-07,PG,1,0.993
2025-02-07,TSLA,22,0.15516363636363636
2025-02-10,AAPL,18,0.10343333333333334
2025-02-10,AMZN,5,0.51494
2025-02-10,COST,54,0.30671296296296297
2025-02-10,GOOGL,25,0.40204799999999996
2025-02-10,KO,5,0.49716000000000005
2025-02-10,META,7,-0.11554285714285713
2025-02-10,MSFT,10,0.3922
2025-02-10,NVDA,2,0.75395
2025-02-10,PG,1,0.9032
2025-02-10,PLTR,3,-0.07700000000000003
2025-02-10,TSLA,27,0.21251111111111112
2025-02-11,AAPL,22,0.4916681818181818
2025-02-11,AMZN,8,0.4400375
2025-02-11,COST,51,0.3147901960784314
2025-02-11,GOOGL,19,0.3833315789473684
2025-02-11,KO,1,0.6249
2025-02-11,META,17,0.38073529411764706
2025-02-11,MSFT,10,0.41318
2025-02-11,NVDA,17,0.5296764705882353
2025-02-11,PG,1,0.1045
2025-02-11,TSLA,83,0.19790963855421687
2025-02-12,AAPL,23,0.473404347826087
2025-02-12,AMZN,8,0.2715375
2025-02-12,COST,54,0.1826611111111111
2025-02-12,GOOGL,29,0.343648275862069
2025-02-12,META,6,0.7296166666666667
2025-02-12,MSFT,7,-0.10544285714285714
2025-02-12,NVDA,7,-0.03045714285714285
2025-02-12,TSLA,45,0.18804222222222222
2025-02-13,AAPL,28,0.262625
2025-02-13,AMZN,6,0.18666666666666668
2025-02-13,BRK.B,1,0.5267
2025-02-13,COST,37,0.31241621621621624
2025-02-13,GOOG,1,-0.5423
2025-02-13,GOOGL,16,0.42083125
2025-02-13,HD,2,0.90915
2025-02-13,KO,1,-0.1362
2025-02-13,META,6,0.16663333333333333
2025-02-13,MSFT,2,0.47645
2025-02-13,NVDA,5,0.4958600000000001
2025-02-13,TSLA,27,0.11233703703703703
2025-02-14,AAPL,27,0.5004370370370371
2025-02-14,AMZN,3,0.21296666666666667
2025-02-14,COST,39,0.481774358974359
2025-02-14,GOOGL,13,0.3811769230769231
2025-02-14,KO,1,-0.4678
2025-02-14,META,8,-0.1171375
2025-02-14,MSFT,7,0.2311857142857143
2025-02-14,NVDA,7,0.030057142857142845
2025-02-14,TSLA,10,0.18780000000000002
2025-02-18,AAPL,22,0.40347272727272726
2025-02-18,AMZN,10,0.52962
2025-02-18,COST,80,0.4155125
2025-02-18,GOOGL,19,0.3555473684210526
2025-02-18,HD,1,0.854
2025-02-18,KO,1,0.968
2025-02-18,META,7,0.5640428571428571
2025-02-18,MSFT,6,0.7032666666666666
2025-02-18,NVDA,7,0.21021428571428571
2025-02-18,TSLA,32,0.159078125
2025-02-19,AAPL,43,0.22825348837209303
2025-02-19,AMZN,5,0.32154
2025-02-19,BRK.B,1,0.8337
2025-02-19,COST,52,0.43950384615384613
2025-02-19,GOOGL,14,0.21607857142857143
2025-02-19,HD,1,-0.4019
2025-02-19,KO,1,0.0
2025-02-19,META,12,0.3061333333333333
2025-02-19,MSFT,11,0.3351454545454545
2025-02-19,NVDA,3,0.7669333333333332
2025-02-19,TSLA,25,0.30608
2025-02-20,AAPL,25,0.594892
2025-02-20,AMZN,15,0.36738
2025-02-20,COST,63,0.2911222222222222
2025-02-20,GOOGL,9,0.37298888888888887
2025-02-20,META,7,0.4289714285714286
2025-02-20,MSFT,3,0.3374333333333333
2025-02-20,NVDA,5,0.49542
2025-02-20,PLTR,6,0.05231666666666665
2025-02-20,PM,2,-0.13
2025-02-20,TSLA,16,0.2245875
2025-02-21,AAPL,33,0.18376666666666666
2025-02-21,AMZN,12,0.5951833333333333
2025-02-21,BRK.B,1,-0.7269
2025-02-21,COST,48,0.4269645833333333
2025-02-21,GOOGL,30,0.2417733333333333
2025-02-21,HD,1,0.9926
2025-02-21,META,21,0.13475238095238096
2025-02-21,MSFT,4,0.5687
2025-02-21,NVDA,3,0.1374
2025-02-21,PLTR,1,-0.896
2025-02-21,TSLA,20,0.292655
2025-02-24,AAPL,44,0.4758909090909091
2025-02-24,AMZN,3,0.12626666666666667
2025-02-24,COST,49,0.3621755102040817
2025-02-24,GOOGL,13,0.4773
2025-02-24,META,8,0.41657500000000003
2025-02-24,MSFT,13,0.5647461538461539
2025-02-24,NVDA,8,0.27285
2025-02-24,PG,1,-0.7269
2025-02-24,PLTR,1,0.9915
2025-02-24,PM,1,0.825
2025-02-24,TSLA,14,0.25652142857142857
2025-02-25,AAPL,34,0.3911823529411765
2025-02-25,AMZN,6,0.3233
2025-02-25,BRK.B,1,0.0
2025-02-25,COST,34,0.12021176470588235
2025-02-25,GOOGL,14,0.45381428571428567
2025-02-25,HD,1,0.0
2025-02-25,META,13,0.4954461538461538
2025-02-25,MSFT,11,0.3659636363636363
2025-02-25,NVDA,6,0.15879999999999997
2025-02-25,PLTR,1,0.8422
2025-02-25,PM,3,0.31626666666666664
2025-02-25,TSLA,38,0.18462894736842103
2025-02-26,AAPL,18,0.36803888888888886
2025-02-26,AMZN,16,0.4965875
2025-02-26,COST,39,0.3339410256410256
2025-02-26,GOOGL,8,0.8329125
2025-02-26,HD,1,0.9917
2025-02-26,META,4,-0.13644999999999996
2025-02-26,MSFT,12,0.5282250000000001
2025-02-26,NVDA,5,-0.018479999999999986
2025-02-26,TSLA,19,0.22013157894736843
2025-02-27,AAPL,11,-0.0891090909090909
2025-02-27,AMZN,12,0.2661833333333333
2025-02-27,COST,43,0.5283953488372093
2025-02-27,GOOGL,12,0.49666666666666665
2025-02-27,META,4,0.012874999999999998
2025-02-27,MSFT,5,0.16577999999999998
2025-02-27,NVDA,4,-0.530225
2025-02-27,PM,1,0.7184
2025-02-27,TSLA,14,0.24055714285714286
2025-02-28,AAPL,39,0.23430512820512822
2025-02-28,AMZN,6,0.26821666666666666
2025-02-28,COST,34,0.27435
2025-02-28,GOOGL,38,0.31136315789473684
2025-02-28,KO,2,0.58815
2025-02-28,META,4,0.21475
2025-02-28,MSFT,23,0.12125217391304348
2025-02-28,NVDA,18,0.4691166666666667
2025-02-28,PG,1,0.7003
2025-02-28,TSLA,22,0.3704136363636364
2025-03-03,AAPL,27,0.25689259259259256
2025-03-03,AMZN,12,0.5095500000000001
2025-03-03,BRK.B,2,0.11865
2025-03-03,COST,51,0.5079588235294118
2025-03-03,GOOGL,34,0.6020852941176471
2025-03-03,KO,1,0.919
2025-03-03,META,6,0.5445166666666666
2025-03-03,MSFT,13,0.7237538461538461
2025-03-03,NVDA,2,0.98055
2025-03-03,PG,1,0.9062
2025-03-03,PM,2,0.63635
2025-03-03,TSLA,10,0.52773
2025-03-04,AAPL,40,0.3725425
2025-03-04,AMZN,3,0.6159333333333333
2025-03-04,BRK.B,1,-0.3776
2025-03-04,COST,51,0.3549372549019608
2025-03-04,GOOG,1,0.8406
2025-03-04,GOOGL,27,0.6680333333333333
2025-03-04,META,5,0.46963999999999995
2025-03-04,MSFT,8,0.5292749999999999
2025-03-04,NVDA,5,0.40462
2025-03-04,PG,1,0.8671
2025-03-04,PM,2,0.25715
2025-03-04,TSLA,23,0.25077826086956523
2025-03-05,AAPL,86,0.444156976744186
2025-03-05,AMZN,6,0.4439166666666667
2025-03-05,BRK.B,1,-0.9702
2025-03-05,COST,71,0.31670985915492955
2025-03-05,GOOGL,25,0.3343
2025-03-05,KO,1,-0.7824
2025-03-05,META,5,0.72702
2025-03-05,MSFT,2,-0.10615000000000002
2025-03-05,NVDA,5,0.79926
2025-03-05,PLTR,1,-0.7882
2025-03-05,TSLA,19,-0.006878947368421061
2025-03-06,AAPL,48,0.49113333333333337
2025-03-06,AMZN,2,0.47885
2025-03-06,COST,41,0.41236341463414633
2025-03-06,GOOGL,13,0.3078923076923077
2025-03-06,HD,1,0.4588
2025-03-06,META,10,0.36976
2025-03-06,MSFT,12,0.46898333333333336
2025-03-06,NVDA,6,0.7147166666666666
2025-03-06,TSLA,14,0.0704
2025-03-07,AAPL,14,0.2883
2025-03-07,AMZN,18,0.4818277777777778
2025-03-07,COST,36,0.3993555555555555
2025-03-07,GOOGL,14,0.17282857142857141
2025-03-07,META,6,0.24073333333333333
2025-03-07,MSFT,15,0.34611333333333333
2025-03-07,NVDA,13,0.26346153846153847
2025-03-07,PG,1,0.9944
2025-03-07,PM,1,0.8503
2025-03-07,TSLA,7,-0.2688285714285715
2025-03-10,AAPL,36,0.2549444444444444
2025-03-10,AMZN,23,0.35582173913043474
2025-03-10,BRK.B,2,0.7704500000000001
2025-03-10,COST,47,0.3764574468085106
2025-03-10,GOOGL,56,0.34184107142857145
2025-03-10,KO,1,0.5267
2025-03-10,META,9,0.8173666666666667
2025-03-10,MSFT,14,-0.1101
2025-03-10,NVDA,9,0.2894111111111111
2025-03-10,PG,1,-0.1371
2025-03-10,TSLA,62,0.14192419354838712
2025-03-11,AAPL,16,0.3856625
2025-03-11,AMZN,10,0.45443999999999996
2025-03-11,BRK.B,1,0.9638
2025-03-11,COST,48,0.47868333333333335
2025-03-11,GOOGL,29,0.2976862068965517
2025-03-11,META,17,0.2022529411764706
2025-03-11,MSFT,11,0.6742363636363636
2025-03-11,NVDA,4,0.2502
2025-03-11,PM,1,0.9907
2025-03-11,TSLA,22,0.2670863636363636
2025-03-12,AAPL,25,0.646024
2025-03-12,AMZN,9,0.7561333333333333
2025-03-12,COST,44,0.39220227272727276
2025-03-12,GOOG,2,0.15545
2025-03-12,GOOGL,58,0.16682241379310347
2025-03-12,KO,1,-0.2204
2025-03-12,META,5,0.66726
2025-03-12,MSFT,6,0.30916666666666665
2025-03-12,NVDA,7,0.6821285714285714
2025-03-12,PM,1,0.7096
2025-03-12,TSLA,9,0.08015555555555555
2025-03-13,AAPL,23,0.2469391304347826
2025-03-13,AMZN,3,0.6500666666666667
2025-03-13,BRK.B,2,0.04820000000000002
2025-03-13,COST,30,0.38988333333333336
2025-03-13,GOOG,2,0.3831
2025-03-13,GOOGL,18,0.29106666666666664
2025-03-13,KO,2,0.27115
2025-03-13,META,2,0.853
2025-03-13,MSFT,4,0.36202500000000004
2025-03-13,NVDA,1,0.8873
2025-03-13,PM,1,0.5023
2025-03-13,TSLA,18,0.3126333333333333
2025-03-14,AAPL,44,0.3190022727272728
2025-03-14,AMZN,10,0.46323
2025-03-14,COST,25,0.544108
2025-03-14,GOOGL,25,0.5189480000000001
2025-03-14,KO,1,0.5355
2025-03-14,META,9,0.2975333333333333
2025-03-14,MSFT,11,0.24784545454545456
2025-03-14,NVDA,2,0.85495
2025-03-14,PG,1,0.9757
2025-03-14,TSLA,38,0.14686842105263156
2025-03-17,AAPL,19,0.4629315789473684
2025-03-17,AMZN,17,0.46601176470588235
2025-03-17,BRK.B,2,0.88865
2025-03-17,COST,35,0.3488742857142857
2025-03-17,GOOGL,14,0.34214285714285714
2025-03-17,HD,1,0.8885
2025-03-17,META,3,0.9236
2025-03-17,MSFT,16,0.39274375
2025-03-17,NVDA,16,0.41276875
2025-03-17,TSLA,19,0.443021052631579
2025-03-18,AAPL,84,0.4260178571428571
2025-03-18,AMZN,7,0.22198571428571431
2025-03-18,COST,54,0.42218333333333335
2025-03-18,GOOGL,55,0.4898454545454546
2025-03-18,META,8,0.6492375
2025-03-18,MSFT,12,0.5020166666666667
2025-03-18,NVDA,12,0.29054166666666664
2025-03-18,PG,1,0.7319
2025-03-18,TSLA,40,0.06946250000000001
2025-03-19,AAPL,71,0.3989802816901408
2025-03-19,AMZN,6,0.3046333333333333
2025-03-19,BRK.B,1,0.7003
2025-03-19,COST,49,0.45309999999999995
2025-03-19,GOOGL,19,0.5656368421052631
2025-03-19,META,11,0.45347272727272725
2025-03-19,MSFT,9,0.722288888888889
2025-03-19,NVDA,6,0.6429833333333334
2025-03-19,PM,1,0.9247
2025-03-19,TSLA,35,0.1897714285714286
2025-03-20,AAPL,51,0.49809019607843136
2025-03-20,AMZN,12,0.18505833333333335
2025-03-20,COST,56,0.4151017857142857
2025-03-20,GOOGL,13,0.33110000000000006
2025-03-20,HD,1,0.5719
2025-03-20,KO,1,0.9338
2025-03-20,META,3,0.4134333333333333
2025-03-20,MSFT,11,0.2616818181818182
2025-03-20,NVDA,4,0.6476999999999999
2025-03-20,TSLA,44,0.1953363636363636
2025-03-21,AAPL,37,0.3621783783783784
2025-03-21,AMZN,5,0.40908
2025-03-21,COST,68,0.4255044117647059
2025-03-21,GOOGL,12,0.4136916666666666
2025-03-21,KO,2,0.19995000000000002
2025-03-21,META,3,0.9468666666666666
2025-03-21,MSFT,4,-0.278875
2025-03-21,NVDA,4,0.4485
2025-03-21,TSLA,13,0.14672307692307693
2025-03-24,AAPL,11,0.3290909090909091
2025-03-24,AMZN,6,0.5667666666666666
2025-03-24,BRK.B,1,0.6757
2025-03-24,COST,44,0.38149090909090905
2025-03-24,GOOGL,11,0.6549454545454545
2025-03-24,KO,6,0.1939833333333333
2025-03-24,META,4,0.567325
2025-03-24,MSFT,8,0.2784375
2025-03-24,NVDA,2,0.359
2025-03-24,PG,1,0.7675
2025-03-24,TSLA,23,0.3146391304347826
2025-03-25,AAPL,13,0.33918461538461536
2025-03-25,AMZN,9,0.3663222222222222
2025-03-25,COST,37,0.4235864864864865
2025-03-25,GOOGL,11,0.3407545454545455
2025-03-25,KO,1,-0.6304
2025-03-25,META,3,0.6009333333333333
2025-03-25,MSFT,7,0.3227142857142857
2025-03-25,NVDA,7,0.4068142857142857
2025-03-25,PLTR,4,0.11715
2025-03-25,TSLA,29,0.1752896551724138
2025-03-26,AAPL,19,0.40829473684210527
2025-03-26,AMZN,3,0.5886
2025-03-26,COST,42,0.34152857142857146
2025-03-26,GOOGL,38,0.4201078947368421
2025-03-26,META,4,0.71945
2025-03-26,MSFT,3,-0.073
2025-03-26,NVDA,4,0.17459999999999998
2025-03-26,PM,1,0.9136
2025-03-26,TSLA,9,0.6056444444444444
2025-03-27,AAPL,29,0.17792413793103448
2025-03-27,AMZN,4,0.33155
2025-03-27,COST,51,0.46145294117647057
2025-03-27,GOOGL,15,0.3291866666666667
2025-03-27,META,8,0.8286250000000001
2025-03-27,MSFT,2,0.7663500000000001
2025-03-27,NVDA,1,0.9524
2025-03-27,PM,1,-0.19
2025-03-27,TSLA,5,0.53572
2025-03-28,AAPL,37,0.2823945945945946
2025-03-28,AMZN,14,0.1383785714285714
2025-03-28,COST,36,0.29199722222222224
2025-03-28,GOOGL,21,0.5469428571428571
2025-03-28,KO,2,-0.12385
2025-03-28,META,7,0.2391857142857143
2025-03-28,MSFT,6,0.05111666666666667
2025-03-28,NVDA,2,0.5915
2025-03-28,PM,1,0.992
2025-03-28,TSLA,44,0.19158863636363635
2025-03-31,AAPL,18,0.22852777777777777
2025-03-31,AMZN,10,0.12815
2025-03-31,COST,38,0.34382894736842107
2025-03-31,GOOGL,9,0.18615555555555555
2025-03-31,KO,1,0.9728
2025-03-31,META,1,0.088
2025-03-31,MSFT,7,0.6177142857142857
2025-03-31,NVDA,12,-0.07615
2025-03-31,PM,1,0.9982
2025-03-31,TSLA,10,-0.10105999999999997
2025-04-01,AAPL,8,0.376325
2025-04-01,AMZN,16,0.76011875
2025-04-01,BRK.B,1,0.0
2025-04-01,COST,31,0.3227322580645161
2025-04-01,GOOGL,21,0.47029047619047615
2025-04-01,META,11,0.6060363636363637
2025-04-01,MSFT,8,0.2247
2025-04-01,NVDA,18,0.5391055555555556
2025-04-01,TSLA,11,0.21279090909090909
2025-04-02,AAPL,10,0.40018000000000004
2025-04-02,AMZN,10,0.12147999999999999
2025-04-02,BRK.B,1,0.9136
2025-04-02,COST,34,0.3851176470588235
2025-04-02,GOOGL,22,0.7529500000000001
2025-04-02,HD,1,-0.7784
2025-04-02,META,4,0.8912
2025-04-02,MSFT,11,0.3801
2025-04-02,NVDA,1,-0.5201
2025-04-02,PG,2,0.95705
2025-04-02,PM,1,-0.7471
2025-04-02,TSLA,29,0.19139310344827584
2025-04-03,AAPL,38,0.30294210526315785
2025-04-03,AMZN,13,0.3405923076923077
2025-04-03,BRK.B,1,0.8988
2025-04-03,COST,106,0.3077650943396226
2025-04-03,GOOG,1,0.0
2025-04-03,GOOGL,21,0.6347095238095238
2025-04-03,KO,1,-0.836
2025-04-03,META,3,0.6288666666666667
2025-04-03,MSFT,9,0.029499999999999995
2025-04-03,NVDA,3,-0.08366666666666663
2025-04-03,PG,3,0.916
2025-04-03,PLTR,1,0.8577
2025-04-03,PM,1,0.34
2025-04-03,TSLA,15,-0.09012666666666667
2025-04-04,AAPL,31,0.27598064516129034
2025-04-04,AMZN,7,0.5411428571428571
2025-04-04,BRK.B,4,0.277125
2025-04-04,COST,62,0.3617483870967742
2025-04-04,GOOGL,20,0.31593499999999997
2025-04-04,KO,2,-0.11275000000000002
2025-04-04,META,12,0.2792
2025-04-04,MSFT,18,0.26027222222222224
2025-04-04,NVDA,4,0.6635
2025-04-04,PM,1,0.457
2025-04-04,TSLA,11,0.06435454545454546
2025-04-07,AAPL,14,0.25245
2025-04-07,AMZN,6,0.40323333333333333
2025-04-07,BRK.B,4,0.5398
2025-04-07,COST,57,0.17720175438596492
2025-04-07,GOOGL,7,0.5065142857142858
2025-04-07,KO,1,0.7998
2025-04-07,META,8,0.6291875
2025-04-07,MSFT,8,0.2077875
2025-04-07,NVDA,1,0.9663
2025-04-07,PG,1,0.9463
2025-04-07,PM,1,0.9924
2025-04-07,TSLA,3,-0.003966666666666674
2025-04-08,AAPL,16,0.43395625
2025-04-08,AMZN,8,0.5298375
2025-04-08,BRK.B,1,0.765
2025-04-08,COST,56,0.15449285714285715
2025-04-08,GOOGL,21,0.38389523809523807
2025-04-08,KO,3,0.9459333333333334
2025-04-08,META,7,0.1543857142857143
2025-04-08,MSFT,4,0.32805
2025-04-08,NVDA,2,0.41105
2025-04-08,TSLA,10,-0.04363
2025-04-09,AAPL,19,0.06076842105263157
2025-04-09,AMZN,9,0.3676111111111111
2025-04-09,BRK.B,1,0.0
2025-04-09,COST,84,0.24998214285714285
2025-04-09,GOOGL,27,0.4234518518518518
2025-04-09,KO,2,-0.015600000000000003
2025-04-09,META,5,0.3141
2025-04-09,MSFT,8,0.447075
2025-04-09,NVDA,9,0.04176666666666667
2025-04-09,PM,1,0.0
2025-04-09,TSLA,13,-0.04146153846153847
2025-04-10,AAPL,11,0.3896454545454546
2025-04-10,AMZN,7,0.6093857142857143
2025-04-10,COST,49,0.4575326530612245
2025-04-10,GOOGL,15,0.5454866666666667
2025-04-10,META,6,0.6786500000000001
2025-04-10,MSFT,3,0.36366666666666675
2025-04-10,NVDA,5,0.28886
2025-04-10,TSLA,3,-0.47763333333333335
2025-04-11,AAPL,12,0.12109999999999999
2025-04-11,AMZN,9,0.6280111111111111
2025-04-11,BRK.B,1,0.6705
2025-04-11,COST,44,0.20581363636363637
2025-04-11,GOOG,1,0.3478
2025-04-11,GOOGL,14,0.8027071428571428
2025-04-11,KO,1,0.8117
2025-04-11,META,9,0.18456666666666668
2025-04-11,MSFT,6,0.5754166666666666
2025-04-11,NVDA,1,-0.2944
2025-04-11,PM,2,0.6890000000000001
2025-04-11,TSLA,9,0.5097555555555555
